ï»¿Behavioral,Visitor,imagin team develop work geograph inform structur coloss graph graph repr entiti citi thing sights area etc node connect thereã¢â¬â¢ road repr hood node type repr class specif point got export graph xml format job seem plan add export method class leverag recur go export method solut simpl eleg thank polymorph werenã¢â¬â¢t coupl code call export method class nodesunfortun system refu allow alter exist class said code alreadi product didnã¢â¬â¢t want risk break bug changesbesid question make sen xml export code class primari job class work geodata xml export behavior look thereth reason refu highli someon market depart ask abil export differ request weird stuff forc chang preciou fragil class,0
Behavioral,Command,imagin work texteditor task creat toolbar bunch button editor creat button class use button toolbar variou dialogswhil button look theyã¢â¬â¢r suppo differ thing put code variou click handler button solut creat ton subclass place button use subclass contain code execut button clickbefor approach deepli flaw number subclass okay werenã¢â¬â¢t risk break code subclass time base button class put gui code becom depend volatil code busi logicand hereã¢â¬â¢ part copyingpast text need place exampl user click ã¢â¬åcopyã¢â¬â button toolbar copi someth context menu hit keyboardin app toolbar place implement variou button subclass word code copi text insid copybutton subclass implement context menu shortcut stuff operationã¢â¬â¢ code class make menu depend button wor option,0
Behavioral,Strategy,day decid creat travel app center beauti map help user orient cityon request featur app automat rout plan user enter address see rout destin display mapth version app build road peopl travel car burst joy appar everybodi vacat ad option build walk ad option let peopl use transport routeshowev begin plan add cyclist option build rout cityã¢â¬â¢ tourist busi perspect app success part cau mani headach time ad rout algorithm class navig doubl size point beast maintainani chang algorithm simpl bug fix slight street score class increa chanc creat error alreadywork codein addit teamwork becam ineffici teammat hire success relea complain spend time merg conflict featur requir chang class conflict code produc peopl,0
Behavioral,Memento,imagin creat text editor app addit simpl text edit editor format inlin imag etcat point decid let carri text featur becom year expect implement chose take approach perform app record state object save storag decid action app fetch snapshot histori use restor state objectsletã¢â¬â¢ think state snapshot exactli produc probabl need go field object copi valu storag howev work quit access restrict content object wonã¢â¬â¢t let peek hide signif data privat fieldsignor problem letã¢â¬â¢ assum object behav hippi prefer keep state approach solv immedi problem let produc objectsã¢â¬â¢ state seriou futur decid refactor editor class add field sound easi requir class respon copi state affect objectsbut thereã¢â¬â¢ consid ã¢â¬åsnapshotsã¢â¬â editorã¢â¬â¢ state data contain contain text cursor coordin scroll posit make snapshot need valu put kind containermost go store lot contain list repr histori therefor contain probabl end class class method lot field mirror state allow object read data snapshot probabl need field public expo state privat class becom depend littl chang class otherwi happen field method outer classesit look weã¢â¬â¢v reach end detail class make restrict access state make imposs produc way implement undo,2
Behavioral,Mediator,say dialog creat edit custom consist form control field checkbox button etcsom element interact instanc select ã¢â¬åi dogã¢â¬â checkbox reveal text field enter dogã¢â¬â¢ name submit button valu field save databi implement directli insid code form element make class form app exampl wonã¢â¬â¢t abl use checkbox class insid form itã¢â¬â¢ coupl dogã¢â¬â¢ text field use class involv render form none,0
Behavioral,Observer,imagin type custom store custom interest brand product say model iphon avail store custom visit store day check product avail product en rout trip pointlesson hand store send ton email consid custom time product becom avail save custom trip store time custom interest productsit look weã¢â¬â¢v got conflict custom wast time check product avail store wast resourc notifi custom,0
Behavioral,Chain of Responsibility,imagin work order system want restrict access system creat order permiss access ordersaft bit plan realiz check perform attempt authent user system whenev request contain credenti howev credenti arenã¢â¬â¢t fail thereã¢â¬â¢ reason proceed checksdur month implement sever sequenti checksth code check look mess becam bloat ad featur chang check sometim affect tri reu check protect compon system code sinc compon requir check themth system comprehend expen maintain struggl code day decid refactor thing,0
Behavioral,Iterator,collect use data type program contain group objectsmost store element list howev base stack graph data structuresbut matter collect structur provid way access element code use way go collect access element overthi sound job base list loop element sequenti element complex data structur tree exampl day fine traver tree day requir week need el access tree elementsad traver algorithm collect blur primari respon effici data storag addit algorithm tailor includ gener class weirdon hand client code thatã¢â¬â¢ suppo work variou collect care howev sinc collect provid differ way access element option coupl code specif collect class,0
Behavioral,State,state pattern concept machin machin httpsrefactoringgurufsmth idea given moment thereã¢â¬â¢ finit number state program state program behav differ program switch state howev depend state program switch state switch rule call transit finit predeterminedi appli approach document class document state draft moder method document work bit differ implement lot condit statement switch select depend state ã¢â¬åstateã¢â¬â set field heard youã¢â¬â¢v probabl state code structur ring bellth state base condit start ad state statedepend document class method contain monstrou condit pick behavior method accord state code maintain chang transit logic requir chang state condit everi methodth problem tend get project evolv quit predict possibl state transit design stage state machin built limit set condit grow bloat mess time,2
Behavioral,Template Method,imagin creat data mine analyz corpor document user feed app document variou format pdf doc csv tri data doc uniform formatth version app work version abl support csv file month ã¢â¬åtaughtã¢â¬â extract data pdf filesat point class lot code code deal variou data format entir differ class code data process analysi wouldnã¢â¬â¢t get code leav algorithm structur intactth problem client code use class lot condit pick action depend class process object process class base class abl elimin condit client code use polymorph call method process object,0
Structural,Proxy,want control access object exampl massiv object consum vast amount system resourc time time alwaysi implement initi creat itã¢â¬â¢ need client need execut defer code unfortun probabl cau lot code duplicationin world weã¢â¬â¢d want put code directli class isnã¢â¬â¢t instanc class part close librari,0
Structural,Flyweight,fun work hour creat simpl video game player move map shoot chose realist particl system make game bullet missil shrapnel explo fli map deliv thrill experi complet push commit built game sent friend test drive game run friend wasnã¢â¬â¢t play game kept minut gameplay spend hour dig debug log game crash insuffici amount ram turn rig power comput thatã¢â¬â¢ problem emerg quickli machineth problem relat particl system bullet missil piec shrapnel repr separ object contain plenti data point carnag playerã¢â¬â¢ screen reach climax creat particl remain program crash,0
Structural,Facade,imagin make code work set object sophist librari framework ordinarili need initi keep track depend execut order ona result class becom coupl implement detail class make comprehend maintain,0
Structural,Composite,use composit pattern make sen core model app repr imagin type product box box contain product number box littl box hold product box onsay decid creat order system use class order contain product wrap productsand box determin price orderi tri approach unwrap box go product calcul doabl world program itã¢â¬â¢ simpl run class product box go level box detail beforehand make approach imposs,0
Structural,Decorator,imagin work let program import eventsth version librari base class field constructor send method method accept client send list email pass notifi constructor thirdparti app act client creat configur notifi object use time import happenedat point realiz user librari expect email notif mani like receiv sm issu like facebook corpor user love get extend class put method subclass client suppo instanti desir class use notificationsbut someon reason ask ã¢â¬åwhi canã¢â¬â¢t use sever type hou fire probabl inform everi channelã¢â¬âi tri address problem creat subclass combin sever method class howev quickli becam approach bloat code immen librari client code wellyou find way class number break guin record,0
Structural,Bridge,implement sound scari letã¢â¬â¢ consid simpl examplesay shape class pair subclass circl squar want class hierarchi incorpor color plan creat shape subclass howev alreadi subclass youã¢â¬â¢ll need creat class combin bluecircl redsquaread shape type color hierarchi grow exponenti exampl add shape need subclass color ad color requir creat subclass shape type go becom,0
Creational,Singleton,singleton pattern solv problem time singl respon singleton pattern peopl call someth singleton solv list problem,0
Structural,Adapter,imagin creat stock market monitor app download stock data multipl sourc xml format display nicelook chart diagram point decid improv app integr analyt librari thereã¢â¬â¢ catch analyt work data json formati chang work xml howev break code reli librari wor access libraryã¢â¬â¢ sourc code place make approach imposs,0
Creational,Builder,imagin object requir stepbystep field initi code buri insid monstrou constructor lot paramet scatter client codefor exampl think creat hou object build hou need construct wall floor door fit pair window roof want brighter hou goodi heat system wiringth extend base hou class creat set subclass cover combin paramet end consid number subclass porch style requir grow hierarchi approach doesnã¢â¬â¢t involv breed subclass creat constructor base hou class possibl paramet control hou object approach ind elimin need subclass creat case paramet make constructor call pretti instanc fraction hou pool paramet pool time ten,0
Creational,Prototype,say want creat copi creat class go field origin object copi objectn thereã¢â¬â¢ catch object way field privat visibl outsid object itselfthereã¢â¬â¢ problem approach sinc know class creat code class depend doesnã¢â¬â¢t scare catch sometim know interfac object class exampl paramet method accept object interfac,0
Creational,Abstract Factory,imagin creat furnitur shop simul code class representi need way creat individu furnitur object match object famili custom get receiv nonmatch furniturealso donã¢â¬â¢t want chang exist code ad product product program vendor catalog wouldnã¢â¬â¢t chang core code time happen,0
Creational,Factory Method,imagin creat manag applic version app handl transport truck code truck classaft app becom pretti day receiv dozen request sea transport compani incorpor sea logist appgreat news code code truck class ad ship app requir make entir codeba moreov add transport app probabl make againa result pretti code riddl condit switch appã¢â¬â¢ depend class transport object,0
Behavioral,Visitor,repr perform element structur visitor let oper class element operatesth techniqu recov lost informationdo thing base type objectsdoubl dispatchmani need perform node object heterogen aggreg structur want pollut class dont want queri type node cast pointer correct type perform desir operationvisitor primari purpo function appli aggreg hierarchi element approach encourag design element class process function remov list respon function easili ad origin inherit hierarchi visitor subclassvisitor implement doubl dispatch oo messag routin singl dispatch depend name request type receiv doubl dispatch depend name type receiv type visitor type element visitsth implement proce follow creat visitor class hierarchi defin pure visit method base class concret deriv class aggreg node visit method pointer refer element deriv classeach support model class visitor hierarchi visit method visitor base class defin deriv subclass alloc type queri cast origin implement appropri visit methodadd pure accept method base class element hierarchi defin receiv singl argument pointer refer base class visitor hierarchyeach deriv class element hierarchi implement method simpli call visit method deriv instanc visitor pass pass pointer sole argumenteveryth visitor setup client need perform creat instanc visitor object call accept method element pass visitor objectth method cau flow control find subclass visit method invok flow control vector correct visitor subclass dispatch plu visit dispatch doubl dispatchth visitor make ad simpli add visitor class subclass aggreg node hierarchi keep visitor subclass sync requir prohibit amount acknowledg visitor pattern repr regress function decomposit separ algorithm data structur legitim interpret perhap perspectiver goal promot nontradit behavior object statu,0
Behavioral,Template Method,defin skeleton algorithm defer step client subclass method let subclass redefin step chang algorithm class declar algorithm placehold class implement placeholderstwo differ compon signif demonstr reu implement chang compon becom effort expendedth compon design step standard variant customiz step base class step given default implement step repr hook placehold suppli compon client concret deriv classth compon design mandat step order step allow compon client extend replac number stepstempl method use promin framework framework implement invari piec domain defin placehold interest client custom option framework becom center client custom rock sun invert control structur affect label hollywood principl dont call well call,0
Behavioral,Mediator,defin encapsul set mediat promot loo coupl keep object refer let vari interact decoupl mani peerspromot manytomani relationship object statusw want design reusabl compon depend potenti reusabl piec demonstr spaghetti code phenomenon tri scoop singl serv result clumpin access system resourc manag level world group owner group collect intend model function system member group group user assign figur show user assign group model softwar decid coupl group object group object coupl object chang occur class instanc affectedan approach introduc level take map group group user make unto offer sever group decoupl anoth mani map easili maintain map extend defin deriv class partit system gener enhanc reusabl prolif interconnect tend reduc mediat object encapsul act hub respon control coordin client promot loo coupl keep object refer explicitlyth pattern promot manytomani relationship network object statu model interrelationship enhanc encapsul interrelationship extend mediat use design user group capabl system group member group mediat pattern provid flexibl way user group,0
Behavioral,Interpreter,given defin repres grammar use repres sentenc languagemap domain grammar grammar hierarch class problem occur repeatedli welldefin wellunderstood domain domain charact languag problem easili engineth interpret pattern discuss defin domain ie problem charact simpl languag grammar repr domain rule sentenc sentenc solv problem pattern use class repr grammar rule sinc grammar hierarch structur inherit hierarchi rule class map base class specifi method interpret subclass implement interpret state languag stream ad contribut problem solv process,0
Behavioral,Iterator,way access element aggreg object sequenti representationth c standard librari make decoupl class algorithmspromot object statu traver collectionpolymorph traversaln abstract wildli differ data structur algorithm defin capabl interfac transparentlyan aggreg list way access element structur moreov want list differ way depend need probabl dont want list interfac differ traver anticip youll requir need pend list provid interfac traver mani type aggreg object ie polymorph iter valuableth iter let idea take access traver aggreg put iter object standard traver protocolth iter emerg technolog call gener program strategi seek explicitli notion algorithm data structur motiv promot componentba develop product reduc configur managementa exampl want support data structur array binari link list hash tabl sort find merg tradit approach requir time permut develop gener program approach requir plu configur item,0
Behavioral,Command,encapsul request object therebi let parametr client differ request queue log request support operationspromot invoc method object object callbackn issu request object request receiv requestcommand decoupl object know perform separ design creat base class map receiv action pointer member function base class contain execut simpli call action receiver client command object treat box simpli invok object execut method client requir servicea command class hold subset object method appli object argument pass method appli command execut cau piec come togethersequ command object composit macro command,1
Behavioral,Strategy,defin famili algorithm encapsul make interchang let algorithm independ client use interfac buri implement detail deriv classeson domin strategi objectori design openclo principlefigur demonstr routin achiev encapsul detail base class buri implement detail deriv class client coupl interfac experi associ chang impact number class chang impact deriv class chang gener softwar commun year maxim cohe minim coupl objectori design approach shown minim coupl client coupl abstract ie use fiction realiz client said abstract coupl gener exhort minim couplinga charact principl program interfac implementationcli prefer addit level interfac base class afford interfac captur abstract ie use fiction client want implement interfac effect hidden,0
Behavioral,Memento,encapsul captur state return state latera magic cooki encapsul check point capabl promot rollback object statusn restor object state eg rollback operationsth client request memento sourc object checkpoint sourc state sourc object initi memento charact state client caretak memento sourc object store retriev inform memento memento client client subsequ need rollback sourc state hand memento object reinstatementan unlimit redo capabl readili stack command object stack memento objectsth memento design pattern defin role,2
Behavioral,Observer,defin depend object chang state depend notifi automaticallyencapsul core engin compon abstract variabl option user interfac compon observ hierarchyth view part modelviewcontrollera larg monolith design scale graph monitor levieddefin object data model andor busi logic deleg view function decoupl observ object regist creat whenev chang broadcast regist observ chang observ queri subset state respon monitoringthi number type view object configur dynam specifi compiletimeth protocol describ specifi pull model push chang observ respon pull window interest push model compromi reu model discuss left design event compress send singl chang broadcast seri consecut chang occur singl observ monitor multipl ensur notifi observ go observ pattern captur lion share modelviewcontrol part smalltalk commun year,2
Behavioral,State,allow alter behavior state chang object appear state machinewrapp polymorph wrapp collaborationa monolith behavior function state chang runtim depend state charact case statement vector flow control base state state pattern solut problem make depend statedefin class singl interfac outsid worlddefin state base classrepr differ state state machin deriv class state base classdefin statespecif behavior appropri state deriv classesmaintain pointer state context classto chang state state machin chang state pointerth state pattern specifi state transit defin choic context object individu state class advantag latter option ad state deriv class disadvantag state class knowledg coupl sibl depend subclassesa approach design finit state machin job state transit action accompani state transit patternba approach use code data structur specifi state transit job state transit action,2
Behavioral,Chain of Responsibility,coupl sender request receiv give object chanc handl request chain receiv pass request chain handl itlaunchandleav request singl process pipelin contain mani possibl link list recur traversalth potenti number handler process element node object stream request handl effici process request handler relationship prece requesttohandl map encapsul process element insid pipelin client launch request entranc pipelin pattern chain receiv object pass request messag object reach object capabl handl messag number type handler isnt known configur dynam chain mechan use composit unlimit number handler linkedchain respon simplifi object sender receiv maintain refer receiv sender keep singl refer head chain keep singl refer immedi successor exist catch request go use chain respon request handl handler client object know handl request,2
Creational,Singleton,class instanc provid point access itencapsul justintim initi initi need instanc object addit lazi initi access class singl instanc object respon creation access enforc instanc privat data member member function encapsul code access client call accessor function use class name scope resolut whenev refer instanc requiredsingleton consid criteria satisfiedownership singl instanc reason initi desirableglob access otherwi provid forif ownership singl initi occur access singleton suffici interestingth singleton pattern extend support access number member function approach support subclass class subclass desir refer bookdelet singleton classinst design problem see kill singleton john vlissid discuss,0
Creational,Prototype,specifi kind creat use prototyp instanc creat copi prototypecoopt instanc class use breeder futur instancesth consid harmfulappl wire class object creat base class specifi pure clone method maintain dictionari cloneabl deriv class class need polymorph constructor deriv base class regist prototyp instanc implement clone client code invok class name call clone base class suppli string enum data type design concret deriv class desir,0
Creational,Builder,construct object repres construct process creat differ representationspar repres creat sever targetsan need element aggreg specif exist storag mani repres need built storagesepar algorithm ie read store persist mechan eg rtf file algorithm build mani target product tex text widget creat aggregatesth director builder servic format builder creat part object time call maintain state product client retriev result builderafford finer control construct process creation pattern construct product shot builder construct product step control director,0
Structural,Proxy,provid surrog placehold control access itu level support distribut control intellig accessadd deleg protect compon undu complexityy need support resourcehungri object want request clientdesign surrog proxi object object time client make request proxi rememb ident forward instig request object subsequ request simpli directli situat proxi pattern number refer freed automat refer pointerload persist object referencedcheck lock access object chang,1
Creational,Factory Method,defin interfac creat let subclass decid class instanti factori let class defer constructorth consid harmfula framework need architectur model rang defin domain object provid instantiationfactori method creat object method implement algorithm superclass standard gener behavior use pure placehold creation step creation detail subclass suppli clientfactori method make design customiz littl design pattern requir class wherea factori operationpeopl use method way creat object isnt class instanti chang instanti take place subclass easili initi method abstract factori familiesfactori method routin specifi architectur framework implement user framework,0
Structural,Private Class Data,control access class attributessepar data method use class data initializationprovid constructora class expo class variabl manipul manipul eg construct use class data design prevent class onetim mutabl attribut declar use design pattern onetim set class attributesth motiv design come design goal class state minim visibl attribut datath privat class data design pattern reduc exposur attribut limit visibilityit reduc number class attribut encapsul singl data object class design remov privileg attribut intend set construct target class,0
Creational,Abstract Factory,provid interfac creat famili depend object specifi concret classesa hierarchi encapsul mani possibl platform construct suit productsth consid harmfulif portabl need platform platform includ window system system engin advanc lot case statement option support platform begin procreat rabbit level creation famili depend object directli specifi class factori object respon provid creation servic entir platform famili client creat platform object directli ask factori themthi mechan make product famili class factori object wholes replac product simpli differ concret instanc abstract factorybecau servic provid factori object perva routin singleton,0
Structural,Facade,provid interfac set subsystem defin higherlevel interfac make subsystem subsystem simpler interfacea segment client commun need interfac function subsystemfacad discuss encapsul subsystem interfac object reduc learn curv success leverag subsystem promot subsystem potenti mani client hand access point subsystem limit featur power user needth facad fairli simpl advoc facilit becom allknow god object,1
Structural,Flyweight,use share support larg number finegrain efficientlyth motif gui strategi replac heavyweight gadgetsdesign level system provid optim flexibl term perform flyweight pattern describ share allow use granular prohibit cost flyweight object divid piec statedepend part stateindepend part intrin state store share object extrin state store comput client pass flyweight invokedan illustr approach motif widget gadget wherea widget stand gadget exist depend relationship parent layout manag widget manag provid contextdepend event handl estat manag resourc gadget gadget respon contextindepend state behavior,2
Structural,Composite,compo object structur repr wholepart hierarchi let client treat composit object compositiondirectori contain entri directory1tomani hierarchyappl need hierarch collect primit composit process primit object handl way process composit object handl differ queri type attempt process desirabledefin base class compon specifi behavior need primit composit subclass primit composit class compon class composit object coupl abstract type compon manag childrenu pattern composit contain compon compositechild method eg removechild composit class desir treat primit composit requir method move abstract compon class see opinion section discuss safeti versu transpar issu,0
Structural,Decorator,attach addit respon object decor provid flexibl subclass extend core object recur wrap itwrap gift put wrap boxyou want state individu object runtim inherit appli entir classsuppo work toolkit support ad border scroll bar window defin hierarchi decor pattern suggest client abil specifi whatev combin featur desiredthi flexibl design cascad chain togeth produc custom object look class problem involv encapsul origin insid interfac decor object core object inherit interfac interfac use composit unlimit number decor layer ad core objectnot respon ad object method object interfac interfac client remain success layer note core object ident hidden insid decor object access core object directli problem,0
Structural,Adapter,interfac class client expect class work otherwi incompat interfaceswrap exist class match compon systeman shelf compon offer compel function like reu view world compat philosophi architectur system developedreu alway pain elu reason tribul design someth reu someth someth quit physic dimen misalign time synchron unfortun standardsit problem insert electr plug twoprong wall outlet ã¢â¬â kind adapt intermediari creat map compon system client call method adapt object redirect call legaci compon strategi implement inherit aggregationadapt function modifi exist class provid differ view class,0
Structural,Bridge,decoupl interfac inherit hierarchi buri implement inherit hierarchybeyond encapsul softwar arteri occur use subclass base class provid implement lock compiletim implement independ extend composedconsid domain schedul type thread schedul type oper system platform given class permut dimen add platform say machin hierarchi look kind schedul kind platform kind thread schedul ten kind platform number class defin product number number platformsth design pattern propo refactor exponenti inherit hierarchi orthogon hierarchi ã¢â¬â platformindepend implement decompo compon implement orthogon class hierarchi class contain pointer class pointer initi instanc class subsequ class class limit abstract maintain base class client class turn request implement classth interfac handl known client implement object bodi encapsul ensur continu evolv replac share bridg pattern whenyou want runtim bind prolif class result coupl interfac implementationsi want share implement objectsi need class hierarchiesconsequ includedecoupl object interfaceimprov extend subclass implement hierarchi independentlyhid detail clientsbridg synonym handlebodi idiom design mechan class insid class bodi latter handl handl view user class work done handlebodi class idiom use decompo manag class idiom reflect share resourc class control access eg refer count,0
Creational,Abstract Factory,creation object specifi concret type abstract pattern gang creation design pattern use creat famili object famili design work togeth pattern provid interfac creat famili depend object specifi class object creat client point view mean client creat object object class name factori pattern composit object creat famili creat famili object,0
Creational,Builder,use creat object separ construct represent construct process creat differ builder pattern stepbystep process construct product construct process remain product differ represent,0
Creational,Factory Method,creat object class creat creation object name method pattern make use class act creat pattern favor method invoc make constructor call creat method pattern provid interfac java class creat method interfac defer creation concret subclass run time subclass implement factori method class need creat,0
Creational,Prototype,creat exist object specifi kind creat use prototyp instanc creat copi prototyp use prototyp pattern creat client request object start creat singl object call prototyp make client request object java achiev object clone way make copi object state origin object creat copi creat constructor call simpler time creat move enterpris develop perform encount situat construct object time consum network commun databas disk io larg number object need creat repeat step object creat prototyp make copi,0
Creational,Singleton,ensur instanc object creat class instanti point access instanc provid instanc alreadi creat constructor return refer singleton design constructor singletonclass class made privat make way class exampl known initi â mean restrict creation instanc request time singleton class use typic exampl class shortli âmanagersâ class manag resourc read data configur file thread etc,0
Structural,Adapter,allow class work interfac exist class convert class client expect class work incompat interfac pattern typic use incompat modul need exist modul make code modif,0
Structural,Bridge,class vari independ use client code way use inherit defin class creat inherit hierarchi sever possibl implement look approach appear inherit isnt use inherit perman result chang made affect flexibl way implement bridg come realiz relationship class object way bridg pattern separ separ class hierarchi class hierarchi composit,0
Structural,Composite,take group singl object compos object structur repres partwhol composit let client treat composit object use creat hierarch object manner go object cast type evalu condit check see independ contain object,0
Structural,Decorator,allow extend dynam run time attach addit respons object decor provid flexibl subclass extend function attach respons object exactli intend use decor pattern â âattach addit respons object dynamicallyâ use composit composit dynam add respons object time thing object doesnt awar design conform principl look program languag overlook use composit solv problem,0
Structural,Facade,provid simpl interfac underli object provid interfac set subsystem defin higherlevel interfac make subsystem use facad handl subsystem transpar client deleg client request appropri subsystem class,1
Structural,Flyweight,reduc cost object model use share support larg number finegrain effici object share say requir larg number finegrain share repeat share refer flyweight,1
Structural,Proxy,provid placehold interfac object control access reduc cost reduc provid surrog placehold control access proxi pattern use proxi surrog object place object proxi object control creation access repres use proxi defer cost instanti object expens creat need client,1
Behavioral,Chain of Responsibility,deleg command chain process object avoid coupl sender request receiv give object chanc handl request chain receiv pass request chain handl client request handl chain respons pattern state â decoupl client send request object handl list handler object known respond object capabl deal specif request handler object cant handl request pass object chain end chain gener handler implement default behavior request,2
Behavioral,Command,creat action paramet request object therebi let parameter client differ request queue log request support command pattern proven address recur problem tightli coupl invok receiv compon pattern state request encapsul object object store pass request encapsul object known command command pattern issu command anyth receiv fact issu command doesnt command let look program point view command object execut method option method execut method revers implement done receiv invok set command object invok command call execut invok know execut imagin invok switch invok invok command call execut command object turn start gener invok switch use command perform action differ receiv devic need command object set appli command take level made possibl coupl invok receiv command object act interfac,1
Behavioral,Interpreter,languag given defin represent grammar use represent interpret sentenc languag analog interpret time need gestur need present base cultur interpret differ give gestur differ similarli program world receiv user input varieti sourc browser gui command line tool mobil phone input express differ format mathemat express follow infix prefix postfix notat type input format dont want chang client code send input solut use pattern process express provid input client code purpos use pattern process user input express syntax tree refer instanc composit pattern wrote parser pars produc output,0
Behavioral,Iterator,access element object sequenti represent way access element aggreg object sequenti represent iter pattern address recur problem deal aggreg object say object way access element sequenti structur intent pattern need respons access travers element store aggreg object assign object refer iter iter keep track element perform differ type travers sequenti base want import decoupl iter object aggreg object reus travers type design program way client ask aggreg object iter aggreg return iter initi data structur hold client use iter travers element,0
Behavioral,Mediator,loos coupl class class detail knowledg method defin encapsul set mediat promot loos coupl keep object refer let vari interact mediat pattern say set object directli interact defin object mediat handl essenti say set âtalk talk figur conceptu show interact mediat mediat object encapsul interact object system exist interact rule object ad system mediat object need mediat need correspond object interact use mediat pattern code becom encapsul thu chang extens,0
Behavioral,Memento,provid abil restor object previou state encapsul captur state object restor state use memento pattern object call origin state state need save creat object call memento hold differ state origin therefor memento class need properti origin order save state origin properti field access outsid origin mean memento object access field solut problem core memento pattern appli memento pattern origin abl creat state origin object origin updat memento object whenev state chang deem save chang state restor previou state memento object separ logic save state object origin memento pattern respons principl design principl memento pojo remain origin store retriev state inform memento origin object creat differ memento object hold state state chang manag memento object caretak object come play purpos caretak safekeep memento object import caretak object modifi state memento object modif rippl object violat encapsul,2
Behavioral,Observer,publishsubscrib pattern number see event defin depend object object chang state depend notifi automat observ pattern facilit commun decoupl object defin relationship â singl onetomani relationship multipl observ state chang observ accordingli figur illustr explain gof doesnt limit relationship subject multipl regist regist multipl receiv notif result chain observ,2
Behavioral,State,allow alter behavior state chang object appear class behavior domain respond busi method depend state busi method chang state forc object behav differ state pattern encapsul state domain class runtim deleg repres state â know polymorph branch condit statement separ class enabl treat vend machin state object vari independ peer object principl âencapsul variesâ,2
Behavioral,Strategy,allow famili algorithm select runtim defin famili algorithm encapsul make interchang let algorithm independ client use defin set encapsul class separ host class encryptor client choos algorithm use run time easili add remov exist modifi exist host class,0
Behavioral,Template Method,defin skeleton class subclass provid behavior defin skeleton algorithm defer step subclass method let subclass redefin step chang algorithm structur step step repeat step differ algorithmspecif class result code duplic addit step need modif need class door inconsist creep effici approach put step base class class singl interfac method client call method make call specif order method step step base class algorithmspecif subclass extend base class inherit step primit step mark subclass step method pattern pattern defin skeleton class subclass provid behavior interfac method class client call method â term method defin algorithm step,0
Behavioral,Visitor,separ algorithm object structur move hierarchi method object repres perform element object structur visitor let oper class element separ algorithm element object structur object known visitor exactli gof mean sentenc visitor intent ârepres perform element object structureâ result separ abil add element object structur modifi â way close principl exactli mean say intent â âvisitor let defin oper class element operatesâ,0
Creational,Abstract Factory,creat famili relat share theme depend want creat compat consist implement famili problem directli instanti client code result tight coupl difficulti manag creation variat design pattern provid solut introduc interfac class defin method creat famili object subclass abstract repres specif famili client code factori use creat instanc relat object client code implement creation compat consist famili abstract design work promot depend invers client code depend interfac class work concret subclass coupl specif object type use client code creat use specif famili need know detail creation specif class involv,0
Creational,Builder,construct step step vari configur problem tradit approach directli construct object use multipl constructor paramet becom cumbersom especi deal numer option paramet initi logic builder design pattern provid solut separ construct represent involv creat builder class handl stepbystep construct builder class provid method set differ method retriev construct client code builder class specifi desir configur creat object builder design work simplifi construct process provid readabl construct object separ construct builder class fluent intuit way configur creat object consist control way creat object variou configur need larg number constructor initi code,0
Creational,Factory Method,creat object specifi class aris want decoupl client code specif creation logic support multipl object famili problem client code becom tightli coupl class make extend chang creation process method design pattern provid solut defin class creat deleg creation subclass client code directli instanti object factori method defin class subclass implement factori method creat desir object encapsul creation logic flexibl extens factori design work client code extens ad subclass modif doesnt need chang introduc allow client code depend abstract class promot loos flexibl object creation,0
Creational,Prototype,creat copi exist howev creat scratch expens term resourc time process involv costli problem directli creat object use constructor lead ineffici creation reduc perform prototyp design pattern provid solut introduc prototyp object blueprint creat creat scratch creat clone prototyp object modifi necessari clone depend object intern refer approach creat copi exist reduc overhead creation prototyp design work leverag object clone creat object use prototyp blueprint elimin need construct simpli clone prototyp modifi clone requir approach creation custom maintain optim creation process,0
Creational,Singleton,class instanc program necessari resourc coordin point access share function problem multipl instanc class creat alloc inconsist singleton design pattern provid solut class instanc provid access instanc involv defin class privat constructor method control creation access instanc time method call creat instanc return subsequ call return exist singleton design work enforc creation singl class provid point access instanc restrict constructor privat prevent code directli creat multipl instanc method ensur instanc creat return time call,0
Structural,Adapter,integr use class compon incompat interfac commun protocol problem commun interact class possibl result inabl reus integr seamlessli design pattern provid solut act bridg interfac protocol involv creat class wrap class provid compat interfac compon class request call compat interfac correspond call class adapt design work introduc class act layer compat compon requir specif interfac protocol commun class need modifi exist class adapt class encapsul logic provid seamless integr point incompat compon,0
Structural,Bridge,decoupl implement problem tradit approach class hierarchi result number class combin tight implement make codebas maintain design pattern provid solut separ implement use separ class hierarchi creat class defin highlevel class provid implement detail class contain refer class deleg specif implement task class bridg design work decoupl implement vari independ encapsul hierarchi class bridg pattern promot loos coupl flexibl abstract select use differ implement runtim modifi code implement ad independ affect,0
Structural,Composite,work hierarch structur collect way problem treat individu object group object differ inconsist code addit client code need perform individu object group object composit design pattern provid solut treat object group object involv creat interfac individu object group object client way object group object structur treelik hierarchi share base class interfac composit design work repres individu group object manner base class abstract allow client treat uniformli need know specif hierarch structur object enabl recurs appli individu object group object seamlessli,0
Structural,Decorator,add addit function object dynam modifi structur code problem tradit inheritancebas approach result class hierarchi number subclass combin function make codebas maintain design pattern provid solut add modifi behavior object runtim structur involv creat class wrap origin object provid addit function implement interfac origin object multipl decor stack form chain decor design work extend function object work creat class implement interfac origin object contain refer origin decor add function deleg call origin object ad behavior deleg effect extend modifi behavior origin object,0
Structural,Facade,subsystem set class variou depend need simplifi interfac problem interact directli individu compon subsystem requir knowledg system depend facad design pattern provid solut introduc simplifi interfac hide subsystem creat class encapsul subsystem compon provid singl entri point client access subsystem function class coordin action subsystem compon shield client detail subsystem design work provid highlevel hide subsystem encapsul subsystem compon client interact subsystem interact class becom understand use maintain subsystem client work consist simplifi api,1
Structural,Flyweight,effici repres number properti intrins data problem repres object consum signific resourc especi mani share state characterist flyweight design pattern provid solut separ intrins extrins state object involv creat flyweight repres share state object extrins state object store flyweight share reduc memori consumpt improv perform flyweight design pattern work promot share reus separ intrins extrins state flyweight share effect reduc footprint extrins state manag pass flyweight object need enabl multipl object reus share state effici,2
Structural,Proxy,control access object provid addit function modifi implement problem access object appropri desir secur concern resourc limit need addit access proxi design pattern provid solut introduc proxi object act surrog object proxi object control access add perform addit object proxi object interfac client interact manner design work introduc client proxi object level allow control access perform addit client interact proxi underli mechan modif made proxi,1
Behavioral,Chain of Responsibility,multipl object compon need handl request perform sequenti problem handl logic vari respons chain chang dynam handl creat tight coupl object make codebas maintain chain respons design pattern provid solut decoupl sender request receiv involv creat chain handler object handler abil handl request pass handler chain request travers chain handl end chain chain respons design work separ sender request receiv multipl object chanc handl request handler chain decid handl request pass handler promot loos coupl flexibl scalabl chain modifi handler ad remov client code,2
Behavioral,Command,decoupl sender request receiv allow parameter client differ request support oper problem directli invok tightli coupl sender receiv make challeng manag differ request support command design pattern provid solut encapsul request object decoupl sender receiv creat command object encapsul specif request paramet command object provid execut trigger correspond receiv command design work sender receiv command object sender need know detail request execut receiv need hold execut command object loos sender work differ command object easi parameter dynam composit request,1
Behavioral,Interpreter,evalu structur express rule problem implement grammar rule set code inflex maintain grammar rule set larg chang design pattern provid solut defin grammar set rule combin class object involv creat class repres grammar rule express provid method evalu class work togeth pars evalu structur express design work separ grammar rule set implement allow defin rule express use represent easili modifi extend class interpret evalu base defin grammar allow build behavior combin simpl interpret,0
Behavioral,Iterator,travers iter collect aggreg object structur problem differ collect type differ client code need modifi iter type collect addit need element collect differ way modifi collect iter design pattern provid solut decoupl travers iter collect aggreg object involv defin iter object encapsul iter behavior provid method access element collect iter keep track posit collect provid method move element iter design work separ iter logic collect aggreg object iter standard interfac access element abstract implement detail collect client code iter differ collect type use consist interfac need client code collect type,0
Behavioral,Mediator,set need commun interact coupl lead depend tight interconnect problem manag commun coordin becom challeng result code understand maintain mediat design pattern provid solut introduc mediat object encapsul commun coordin logic set commun object commun interact reduc depend mediat promot loos coupl simplifi commun flow mediat design work decoupl interact mediat object need know request notif mediat handl commun coordin rout reduc manag interact flexibl maintain code,0
Behavioral,Memento,captur restor state encapsul problem directli expos state provid method state manipul compromis encapsul introduc manag object state chang memento design pattern provid solut introduc compon origin memento caretak origin repres object state need captur restor memento object store state origin caretak respons manag store memento origin creat memento save state caretak store retriev memento need design work encapsul state memento origin respons creat restor state memento need manag memento allow save retriev state encapsul,2
Behavioral,Observer,multipl object need notifi state anoth object chang problem establish depend lead tight code maintain reus observ design pattern provid solut defin depend object observ maintain list automat state chang observ base state observ design work decoupl observ allow vari independ need know interfac implement interfac receiv loos coupl enabl flexibl dynam commun object,2
Behavioral,State,behavior chang base state problem implement condit statement switchcas statement manag differ lead tightli coupl code maintain understand state design pattern provid solut encapsul behavior separ state object dynam chang behavior switch state deleg behavior state object decoupl behavior state design pattern work repres state class object exhibit behavior maintain refer state object deleg method call state object object state need chang switch differ state approach enabl object differ behavior alter implement,2
Behavioral,Strategy,dynam chang behavior runtim problem hardcod algorithm use condit statement lead code maintain limit flexibl strategi design pattern provid solut encapsul behavior separ class client choos appropri strategi runtim client switch differ strategi modifi core logic promot code reus flexibl strategi design work defin interfac strategi allow interchang client interfac decoupl specif strategi provid differ strategi conform client dynam select use strategi runtim,0
Behavioral,Template Method,structur algorithm allow step detail implement subclass specif implement problem directli implement entir algorithm class lead code lack flexibl difficulti manag variat custom method design pattern provid solut defin skeleton base class deleg implement step subclass involv creat base class provid method defin algorithm structur method call sever abstract hook method subclass implement custom extend behavior method design work separ highlevel algorithm step base class defin structur control flow algorithm method subclass provid implement hook method custom extens structur,0
Behavioral,Visitor,perform oper group object differ class differ interfac problem ad function object becom challeng requir modifi exist class violat visitor design pattern provid solut separ structur introduc visitor class defin visit method type object structur object visitor deleg visitor decoupl object perform visitor design work leverag doubl dispatch object structur visitor call visit method base type visitor perform desir approach allow ad function modifi exist class,0
Creational,Abstract Factory,allow creat class design pattern java singl class class return differ subclass base input provid class use ifels switch statement achiev factori pattern get ifels block class subclass class return subclass base input class seem see realli grasp understand differ pattern pattern post use superclass subclass,0
Creational,Builder,creat step step method get instanc builder pattern introduc solv problem object contain lot issu larg number paramet constructor requir paramet differ setter method set option paramet problem approach object state inconsist attribut set builder pattern solv issu larg number option paramet state way stepbystep provid method return object,0
Creational,Factory Method,pattern take respons instanti class factori class factori design pattern use superclass multipl subclass base input need return subclass pattern take respons class client program class let learn implement design pattern java look pattern advantag see design pattern jdk,0
Creational,Prototype,creat instanc instanc modifi accord requir prototyp design pattern use creation costli affair requir lot time resourc alreadi exist prototyp pattern provid mechan copi origin modifi accord need prototyp design pattern use java clone copi object easi prototyp design pattern exampl suppos object load data databas need data program multipl time idea creat object keyword load data databas approach clone exist object data manipul prototyp design pattern mandat object copi provid copi featur done class howev use copi properti depend requir design decis,0
Creational,Singleton,singleton pattern restrict class ensur instanc class creat singleton pattern restrict class ensur instanc class exist class provid access point get class singleton pattern use log driver object cach pool privat constructor restrict class class privat variabl class instanc class method return instanc class access point outer world get singleton class,0
Structural,Adapter,interfac work togeth,1
Structural,Bridge,bridg design pattern use decoupl interfac hide implement detail client program decoupl independ bridg design pattern notion prefer composit inherit,0
Structural,Composite,use implement partwhol hierarchi exampl diagram made circl squar triangl need creat way structur treat way composit design let understand life exampl diagram structur consist object circl line triangl etc fill color say color get draw draw made differ part composit consist follow base compon base compon interfac object composit client program use base compon work composit interfac class method leaf defin element composit build block composit implement base compon doesnt refer compon composit consist element implement base compon,0
Structural,Decorator,decor design pattern use modifi function object runtim use modifi function time class affect individu object get behavior use composit extend behavior object done compil time instanc class cant add function remov exist runtim,0
Structural,Facade,creat interfac exist interfac help client provid interfac set subsystem pattern defin higherlevel interfac make subsystem use set interfac use mysqloracl databas gener differ report html pdf report differ set work differ databas client use interfac get databas connect gener report increas interfac name client find manag appli facad design pattern wrapper interfac exist interfac help client applic,1
Structural,Flyweight,cach reus object instanc use immut object use share support larg number finegrain effici flyweight design pattern use creat lot class sinc everi object consum space memori devic mobil devic embed system design pattern reduc load memori share number creat object creation heavi time consum object properti divid intrins extrins extrins properti client program appli flyweight need divid object properti intrins extrins intrins properti make wherea extrins properti set client code use perform differ,1
Structural,Proxy,provid surrog placehold control access provid surrog placehold control access definit proxi design pattern use want provid control access function let say class run command system use want program client sever client program issu command delet system file chang set dont want class creat provid control access program,1
Behavioral,Chain of Responsibility,use achiev loos coupl design request client pass chain process chain respons pattern loos coupl design request client pass chain process object chain decid process request request requir sent object chain,2
Behavioral,Command,command pattern use implement lose coupl requestrespons model command pattern request send invok invok pass encapsul command object command object pass request appropri method receiv perform action client program creat receiv object attach command creat invok object attach command object action client program action process base command receiv object,1
Behavioral,Interpreter,defin grammat represent languag provid deal grammar,0
Behavioral,Iterator,use way travers group object iter interfac provid method travers collect way access element aggreg object represen iter pattern travers collect differ kind iter base requir iter design implement travers collect client program use iter method,0
Behavioral,Mediator,use commun medium differ system loos coupl way dispar set commun action object set independ mediat design pattern help enterpris multipl object interact directli system compon tightlycoupl make maintain cost extend focus provid mediat object commun help implement air traffic control mediat airport control room work mediat commun differ flight mediat work router object logic way commun system commun call colleagu interfac class provid contract commun implement mediat exampl tri implement applic user group everi user identifi name send receiv messag messag sent receiv user group,0
Behavioral,Memento,memento design pattern use want save state object restor,2
Behavioral,Observer,use interest state object want get whenev chang observ watch state object call observ watch call defin onetomani depend object object chang state depend notifi automat contain list chang state provid method use regist unregist subject contain observ chang send notifi observ provid method get observ method set watch method use notifi java provid platform implement observ pattern javautilobserv class javautilobserv interfac howev use realli simpl time dont want end extend class implement observ pattern java doesnt provid multipl inherit class java messag servic jm use design pattern mediat pattern data modelviewcontrol mvc framework use pattern model view observ regist get chang model,2
Behavioral,State,state design pattern use object chang behavior base state chang behavior base state state variabl object use ifels condit block perform differ action base state state design pattern use systemat loos coupl way context state state pattern context class state refer concret implement state context request state object process,2
Behavioral,Strategy,strategi pattern use multipl algorithm specif task client decid implement use runtim strategi pattern known polici pattern defin multipl let client pass algorithm use paramet exampl strategi pattern collectionssort method take compar paramet base differ implement compar interfac object get sort differ way,0
Behavioral,Template Method,use creat method stub defer step subclass templat method step execut provid default implement subclass let understand exampl suppos want algorithm build step need perform build build foundat build build wall window import point cant chang order execut cant build window build case creat templat method use differ method build build foundat type glass base subclass want method mostli type make subclass dont method make,0
Behavioral,Visitor,visitor pattern use perform group kind visitor pattern use perform group kind object help visitor move logic object class exampl think shop cart add differ item click checkout button calcul amount paid calcul item class move logic class use visitor pattern,0
Creational,Abstract Factory,factori pattern use client set depend object famili object creat determin runtim pattern design pattern creation group relat object requir specifi class use number class gener object set pattern gang design creation pattern use control class instanti factori pattern use client set depend object famili object creat determin runtim accord select factori class,0
Creational,Builder,builder pattern use creat object constitu part creat order use specif algorithm class control construct builder pattern design pattern stepbystep creation complex object use action construct control director object need know type creat builder pattern gang design creation pattern use control class instanti builder pattern use creat object constitu part creat order use specif algorithm class known director control construct algorithm,0
Creational,Factory Method,factori pattern use replac class constructor process object gener type object determin runtim method pattern design pattern creation object specifi type object creat code class contain method determin creat type runtim factori pattern gang design creation pattern use control class instanti factori pattern use replac class constructor process object gener type object determin runtim,0
Creational,Prototype,prototyp pattern use object copi properti exist creat independ clone practis particularli use construct ineffici prototyp design design pattern use class copi clone properti exist copi prototyp permit modif alter origin prototyp pattern gang design creation pattern use control class instanti gener pattern use object copi properti exist creat independ clone practis particularli use construct brand object use ineffici gener object clone object copi copi properti properti contain refer type refer copi mean chang referenc object clone origin object copi clone object child object properti refer type truli independ prototyp gener copi situat,0
Creational,Singleton,singleton pattern ensur object class creat refer singleton class refer instanc singleton pattern design pattern use class concurr instanc whenev addit object singleton class requir creat singl instanc singleton pattern gang design creation pattern use control class instanti pattern ensur object class creat refer singleton class refer instanc singleton pattern use singl point access limit resourc requir appropri creat variabl copi lead multipl access point risk step origin,0
Structural,Adapter,adapt pattern use link otherwis incompat type wrap adapte class support interfac requir client adapt design pattern use allow type commun class reli implement class adapt act type adapt pattern gang design pattern structur pattern defin manner creat relationship class adapt design pattern use link otherwis incompat type wrap adapte class support interfac requir client,0
Structural,Bridge,bridg pattern use separ class implement detail provid mean replac implement detail bridg pattern design pattern separ class implement provid cleaner realworld object implement detail chang easili bridg pattern gang design pattern structur pattern defin manner creat relationship class entiti bridg pattern use separ class implement detail exampl element busi creat implement detail data access oper system mean replac implement detail permit exampl chang system impact busi bridg pattern use find detail includ class way detail chang gener subclass provid differ problemat refin abstract includ number class grow exponenti class contain detail ad system implement singl class requir howev combin implement potenti requir class lot overlap use bridg design pattern class necessari simplest scenario pattern remov platform depend benefit pattern introduc possibl chang implement detail runtim permit switch implement determin softwar interoper system decid store inform databas xml file use storag mechan,0
Structural,Composite,composit pattern use creat hierarch recurs structur relat object structur access utilis manner composit design pattern use creat hierarch model pattern manner design recurs structur object individu object group access manner composit pattern gang design pattern structur pattern defin manner creat relationship class entiti composit design pattern use creat hierarch recurs structur relat object structur access utilis manner individu leaf object branch tree,0
Structural,Decorator,decor pattern use extend alter function object runtim wrap object decor class provid flexibl use inherit behaviour decor pattern design function individu object wrap decor class decor modifi exist member add method properti runtim decor pattern gang design pattern structur pattern defin manner creat relationship class entiti decor pattern use extend alter function object runtim wrap object decor class provid flexibl use inherit behaviour decor pattern use extend function individu class mean modif made runtim time allow chang respons specif condit option busi rule mean base class decor differ manner addit class object class decor share class multipl decor appli increment modifi behaviour,0
Structural,Facade,facad pattern use defin simplifi interfac subsystem facad design pattern use access function poorli design subsystem class provid simpl singleclass interfac hide implement detail code facad pattern gang design pattern structur pattern defin manner creat relationship class entiti facad design pattern use defin simplifi interfac subsystem facad work larg number class class requir use multipl method particularli complic use facad class wrapper contain set member easili understood simpl use member access subsystem behalf facad hide implement detail facad design pattern particularli use wrap subsystem design refactor code exist use sometim decid implement facad provid subset function differ purpos,1
Structural,Flyweight,flyweight pattern use reduc memori resourc usag model contain hundr hundr object flyweight pattern design pattern use minimis resourc work larg number creat mani thousand object stateless flyweight memori use level flyweight design pattern structur pattern defin manner creat relationship class flyweight design pattern use reduc memori resourc usag model contain hundr object creat number object amount memori store object state storag individu object number object caus memori depend scenario target environ usag high program execut case creat includ inform flyweight pattern use pattern appli properti share reason move flyweight object object use share data refer flyweight object requir reduc memori use flyweight pattern use concept intrins extrins data intrins data held flyweight object share stateless gener remain chang effect replic amongst object refer flyweight extrins data state held object pass method flyweight store share object flyweight design pattern use factori method gener share factori receiv request flyweight instanc match object alreadi use return gener set avail flyweight object held access quickli hashtabl,2
Structural,Proxy,proxi pattern use provid surrog placehold object refer proxi provid interfac class ad level request client object pass object necessari proxi design pattern creat surrog class proxi instanc request client pass return result proxi improv effici enhanc function proxi pattern gang design pattern structur pattern defin manner creat relationship class entiti proxi design pattern use provid surrog placehold object refer proxi provid interfac class add level request client object pass object necessari improv access access directli perhap execut resourceintens add function cach proxi improv perform member perform longrun task return seldomchang result exampl object provid method calcul number proxi match method made pass result call store return client subsequ call cach inform proxi return number protect proxi add layer secur underli object exampl object access databas sensit data protect proxi add properti allow client object provid appropri authent data return filter data authent user remot proxi provid object refer gener network connect proxi perform requir action encod request network transfer result remot resourc return client exampl remot proxi class gener studio provid access web proxi add function call member function client object exampl count exist refer resourceintens object reach object data remov memori use proxi log call member proxi provid version object detail object requir popul provid form lazi exampl file manag util explor use file visibl screen obtain list file name size easytoretriev inform held document preview command request object creat content file access requir memori,1
Behavioral,Chain of Responsibility,chain respons pattern process vari request dealt differ handler chain respons pattern design pattern defin link list handler abl process request request submit chain pass list abl process chain respons pattern design pattern behaviour pattern manner control class entiti chain respons pattern process vari request dealt differ handler design pattern promot loos coupl handler creat link list chain request pass handler chain process pass successor continu request process end chain reach handler respons process request need known beforehand style process use handl system method caus given chanc process trycatch block suitabl catch avail move call method includ trycatch continu handl possibl handler trycatch block thought use chain respons multipl catch differ type given option handl,2
Behavioral,Command,command pattern use express request includ call made paramet command command execut held command pattern design pattern enabl inform request contain command invok requir part batch queu command rollback capabl command pattern gang design pattern behaviour pattern manner control class entiti command pattern use express request includ call made paramet command command execut held use command creat batch command object contain function execut requir perform action function contain receiv object remov link command definit function promot loos coupl type respons determin time command control use command pattern use support activ requir execut command command object held process sequenti command store stack execut command revers allow rollback multilevel facil,1
Behavioral,Interpreter,interpret pattern use defin grammar instruct form part languag notat whilst grammar extend interpret pattern design pattern use develop languag notat pattern grammar repres fashion extend pattern gang design pattern behaviour pattern manner control class entiti interpret pattern use defin grammar instruct form part languag notat whilst grammar extend pattern perform activ base hierarchi express express termin mean standalon structur immedi evalu mean compos express tree structur defin composit design pattern termin express leaf object nontermin express composit tree contain gener parser part interpret pattern design pattern use languag perform grammar becom number differ type repres class becom lead class hierarchi process express reason pattern consid ineffici use howev discount situat,0
Behavioral,Iterator,iter pattern use standard interfac travers collect item object need understand structur iter pattern design pattern element aggreg access sequenti knowledg structur travers list standard manner iter pattern gang design pattern behaviour pattern manner control class entiti iter pattern use standard interfac travers collect item object need understand structur object interfac provid gener simplist provid method move item return list retriev item end list reach variat iter design pattern use extens framework iter array class easili ad class implement ienumer ienumer interfac version yield keyword simplifi process creat iter,0
Behavioral,Mediator,mediat pattern use reduc coupl class commun class commun directli thu requir class send messag mediat object mediat pattern design pattern promot loos coupl object remov need class commun directli use encapsul centralis class mediat pattern gang design pattern behaviour pattern manner control class entiti mediat pattern use reduc coupl class commun class commun directli thu requir class send messag mediat object mediat transmit messag class manner object initi messag requir knowledg object receiv mediat pattern promot loos class remov depend simplifi gener program contain number class class need know pass messag mediat colleagu simplifi commun improv readabl code maintain class mediat chang requir modif type,0
Behavioral,Memento,memento pattern state object store manner restor time break rule memento pattern design permit state object store break rule origin object modifi requir restor save state time memento pattern gang design pattern behaviour pattern manner control class entiti memento pattern state object store manner restor time importantli pattern state object save break rule design pattern commonli use provid function,2
Behavioral,Observer,observ pattern use chang state subscrib immedi notifi chang observ design pattern defin link object object state chang automat pattern commun object coupl manner pattern gang design pattern behaviour pattern manner control class entiti observ pattern use singl object known publish chang state mani observ object depend subscrib immedi automat notifi chang state pattern give loos coupl observ subject hold observ set observ class inherit known class implement interfac function observ use state data need known variat pattern seen framework event model model mani object subscrib event automat event trigger observ pattern use user interfac develop data bind function,2
Behavioral,State,state pattern use alter behaviour object state chang pattern class object appar chang runtim state design pattern complet chang depend state substitut class defin context state appear chang type runtim state pattern gang design pattern behaviour pattern manner control class entiti state pattern use alter behaviour object state chang pattern class object chang runtim chang interfac use access object state class chang hidden world use context state pattern use creat state machin function object chang fundament accord state use multipl class inherit base class larg differ function possibl resort numer switch statement,2
Behavioral,Strategy,strategi pattern use creat interchang famili algorithm requir process chosen runtim strategi design pattern allow set algorithm defin class algorithm use purpos select runtim accord requir strategi pattern gang design pattern behaviour pattern manner control class entiti strategi pattern use creat interchang famili algorithm requir process chosen runtim allow program chang dynam accord configur detail user prefer allow easili incorpor futur,0
Behavioral,Template Method,method pattern use defin step implement step chang method pattern design group interchang multistep algorithm defin algorithm follow action provid differ step method pattern gang design pattern behaviour pattern manner control class entiti method pattern use defin step implement step chang strategi design pattern differ abil part algorithm algorithm structur algorithm defin base class class includ function order step execut step defin subclass use inherit promot loos coupl call function need know algorithm use pattern reduc code,0
Behavioral,Visitor,visitor pattern use rel set structur data class function perform data hold visitor design pattern separ set structur data function perform coupl enabl addit oper ad data class visitor pattern gang design pattern behaviour pattern manner control class entiti visitor pattern use rel set structur data class function perform data hold creation data model limit function set visitor perform data pattern specif element data structur visit turn detail structur beforehand benefit separ data model algorithm appli abil add class data structur initi creat method call visitor method perform callback visitor pass visitor method paramet visitor perform data object add visitor class creat callback method data class need benefit design pattern singl visitor object element data structur visitor object maintain state call individu data object,0
