ï»¿Behavioral,Visitor,team develop work geograph inform structur one coloss graph node graph repres complex entiti citi granular thing industri sightse areasâ etc node connect other there road real repres hood node type repres specif node point task implement export graph xml format first job seem pretti straightforward plan add export method node leverag recurs go node graph execut export method solut simpl eleg thank polymorph werent coupl call export method concret node unfortun system architect refus allow alter exist node said alreadi product didnt want risk break potenti bug chang besid question whether make sens xml export within node primari job work geodata xml export behavior would look alien therether anoth reason refus highli like featur implement someon market depart would ask provid abil export differ format request weird stuff would forc chang preciou fragil,1
Behavioral,Command,your work new texteditor current task creat toolbar bunch button variou oper editor creat neat button button toolbar well gener button variou dialog button look similar theyr suppos differ thing would put variou click handler button simplest solut creat ton subclass place button subclass would contain would execut button click long realiz approach deepli flaw first enorm number subclass would okay werent risk break subclass time modifi base button put simpli gui becom awkwardli depend volatil busi logic here ugliest part oper copyingpast text would invok multipl place exampl user could click small copi button toolbar copi someth via context menu hit ctrlc keyboard initi toolbar okay place implement variou oper button subclass word copi text insid copybutton subclass fine implement context menu shortcut stuff either duplic oper mani make menu depend button even wors option,1
Behavioral,Strategy,one day decid creat navig casual travel center around beauti map help user quickli orient citi one request featur automat rout plan user abl enter address see fastest rout destin display map first version could build rout road peopl travel car burst joy appar everybodi like drive vacat next updat ad option build walk rout right ad anoth option peopl public transport routeshowev begin plan add rout build cyclist even anoth option build rout citi tourist attract busi perspect success technic part caus mani headach time ad new rout algorithm main navig doubl size point beast becam hard maintain chang one algorithm whether simpl bug fix slight adjust street score affect whole increas chanc creat error alreadywork addit teamwork becam ineffici teammat hire right success releas complain spend much time resolv merg conflict implement new featur requir chang huge conflict produc peopl,1
Behavioral,Memento,your creat text editor addit simpl text edit editor format text insert inlin imagesâ etc point decid user undo oper carri text featur becom common year nowaday peopl expect everi implement chose take direct approach perform oper record state save storag user decid revert action fetch latest snapshot histori use restor state let think state snapshot exactli would produc one youd probabl go field copi valu storag would work quit relax access restrict content unfortun real wont other peek insid easili hide signific data privat field ignor let assum behav hippi prefer open relat keep state public approach would solv immedi produc snapshot state still seriou issu futur might decid refactor editor add remov field sound easi would requir chang respons copi state affect there let consid actual snapshot editor state data contain bare minimum must contain actual text cursor coordin current scroll positionâ etc make snapshot youd collect valu put kind contain like your go store lot contain insid list would repres histori therefor contain would probabl end one would almost method lot field mirror editor state allow write read data snapshot youd probabl make field public would expos editor state privat would becom depend everi littl chang snapshot would otherwis happen within privat field method without affect outer look weve reach dead end either expos intern detail make fragil restrict access state make imposs produc snapshot way implement undo,2
Behavioral,Mediator,say dialog creat edit custom profil consist variou form control text field checkbox buttonsâ etcsom form element interact other instanc select dog checkbox reveal hidden text field enter dog name anoth exampl submit button valid valu field save data logic implement directli insid form element make element much harder reus form exampl wont abl checkbox insid anoth form coupl dog text field either involv render profil form none,1
Behavioral,Interpreter,defin way interpret evalu languag grammar express provid mechan evalu sentenc languag repres grammar set repres rule express grammar allow compos hierarch interpret complex express involv defin hierarchi express termin nontermin repres element languageâ grammar termin express repres basic build block nontermin express repres composit build block tree structur interpret somewhat similar defin composit termin express leaf nontermin express composit,1
Behavioral,Observer,two type custom store custom interest particular brand product say new model iphon becom avail store soon custom could visit store everi day check product avail product still en rout trip would pointless hand store could send ton email might consid spam custom time new product becom avail would save custom endless trip store time itd upset custom arent interest new product look weve conflict either custom wast time check product avail store wast resourc notifi wrong custom,1
Behavioral,Chain of Responsibility,your work onlin order system want restrict access system authent user creat order user administr permiss must full access order bit plan realiz check must perform sequenti applic attempt authent user system whenev receiv request contain user credenti credenti arent correct authent fail there reason proceed check next month implement sever sequenti check check alreadi look mess becam bloat ad new featur chang one check sometim affect other worst tri reus check protect compon system duplic sinc compon requir check system becam hard comprehend expens maintain struggl one day decid refactor whole thing,1
Behavioral,Iterator,collect one data type program nonetheless collect contain group collect store element simpl list base stack tree graph complex data structur matter collect structur must provid way access element element way go element collect without access element sound easi job collect base list loop element sequenti travers element complex data structur tree exampl one day might fine depthfirst travers tree yet next day might requir breadthfirst travers next week might someth els random access tree element ad travers algorithm collect gradual blur primari respons effici data storag addit algorithm might tailor specif applic includ gener collect would weird hand that suppos work variou collect even care store element sinc collect provid differ way access element option coupl specif collect,1
Behavioral,State,state close relat concept finitest machin main idea moment there finit number state program within uniqu state program behav differ program switch one state anoth instantan depend current state program switch certain state switch rule call transit finit predetermin appli approach document document one three state draft moder publish publish method document work littl bit differ statest machin usual implement lot condit statement switch select appropri behavior depend current state usual state set valu field even youv never heard finitest machin youv probabl implement state least follow structur ring bell biggest weak state machin base condit reveal start ad state statedepend behavior document method contain monstrou condit pick proper behavior method accord current state difficult maintain chang transit logic requir chang state condit everi method tend get bigger project evolv quit difficult predict possibl state transit stage henc lean state machin built limit set condit grow bloat mess time,2
Behavioral,Template Method,your creat data mine applic analyz corpor document user feed document variou format pdf doc csv tri extract meaning data doc uniform format first version could work doc file follow version abl support csv file month taught extract data pdf file point notic three lot similar deal variou data format entir differ data process analysi almost ident wouldnt great get rid duplic leav algorithm structur intact anoth relat lot condit pick proper cours action depend process three process common interfac base youd abl elimin condit polymorph call method process,1
Structural,Proxy,would want control access exampl massiv consum vast amount system resourc time time alwaysy could implement lazi initi creat actual need client would execut defer initi unfortun would probabl caus lot duplic ideal world wed want put directli isnt alway possibl instanc part close 3rdparti librari,1
Structural,Flyweight,long work hour decid creat simpl video game player would move around map shoot chose implement realist particl system make distinct featur game vast quantiti bullet missil shrapnel explos fli map deliv thrill experi player upon complet push last commit built game sent friend test drive although game run flawlessli machin friend wasnt abl play long comput game kept crash minut gameplay spend sever hour dig debug log discov game crash insuffici amount ram turn friend rig much less power comput that emerg quickli machin actual relat particl system particl bullet missil piec shrapnel repres separ contain plenti data point carnag player screen reach climax newli creat particl longer fit remain ram program crash,1
Structural,Facade,must make work broad set belong sophist librari framework ordinarili youd initi keep track depend execut method correct order result busi logic would becom tightli coupl implement detail 3rdparti make hard comprehend maintain,1
Structural,Composite,use composit make sens core model repres tree exampl two type product box box contain sever product well number smaller box littl box hold product even smaller box onsay decid creat order system use order could contain simpl product without wrap well box stuf productsand box would determin total price order could tri direct approach unwrap box go product calcul total would doabl real world program simpl run loop know product box your go nest level box nasti detail beforehand make direct approach either awkward even imposs,1
Structural,Decorator,your work notif librari let program notifi user import event initi version librari base notifi field constructor singl send method method could accept messag argument send messag list email pass notifi via constructor thirdparti act suppos creat configur notifi time someth import happen point realiz user librari expect email notif mani would receiv sm critic issu other would notifi facebook cours corpor user would love get slack notif hard extend notifi put addit notif method new subclass suppos instanti desir notif notif someon reason ask cant sever notif type hous fire youd probabl want inform everi channel tri address creat special subclass combin sever notif method within one quickli becam appar approach would bloat immens librari well find way structur notif number wont accident break guin record,1
Structural,Bridge,abstract implement sound scari stay calm let consid simpl exampl say geometr shape pair subclass circl squar want extend hierarchi incorpor color plan creat red blue shape subclass sinc alreadi two subclass youll creat four combin bluecircl redsquar ad new shape type color hierarchi grow exponenti exampl add triangl shape youd introduc two subclass one color ad new color would requir creat three subclass one shape type go wors becom,1
Creational,Singleton,singleton solv two problem time violat singl respons principl nowaday singleton becom popular peopl call someth singleton even solv one list problem,0
Structural,Adapter,your creat stock market monitor download stock data multipl sourc xml format display nicelook chart diagram user point decid improv integr smart 3rdparti analyt librari there catch analyt librari work data json format could chang librari work xml might break exist reli librari wors might access librari sourc first place make approach imposs,1
Creational,Builder,complex requir labori stepbystep initi mani field nest initi usual buri insid monstrou constructor lot paramet even wors scatter exampl let think creat hous build simpl hous construct four wall floor instal door fit pair window build roof want bigger brighter hous backyard goodi heat system plumb electr wire simplest solut extend base hous creat set subclass cover combin paramet eventu youll end consider number subclass new paramet porch style requir grow hierarchi even there anoth approach doesnt involv breed subclass creat giant constructor right base hous possibl paramet control hous approach inde elimin subclass creat anoth case paramet unus make constructor call pretti ugli instanc fraction hous swim pool paramet relat swim pool useless nine time ten,1
Creational,Prototype,say want creat exact copi would first creat new go field origin copi valu new objectnic there catch copi way field privat visibl outsid there one direct approach sinc know creat duplic becom depend extra depend doesnt scare there anoth catch sometim know interfac follow concret exampl paramet method accept follow interfac,1
Creational,Abstract Factory,your creat furnitur shop simul consist repres way creat individu furnitur match famili custom get quit mad receiv nonmatch furnitur dont want chang exist ad new product famili product program furnitur vendor updat catalog wouldnt want chang core time happen,1
Creational,Factory Method,your creat logist manag applic first version handl transport truck bulk live insid truck becom pretti popular day receiv dozen request sea transport compani incorpor sea logist great news right present coupl truck ad ship would requir make chang entir codebas moreov decid add anoth type transport probabl make chang result end pretti nasti riddl condit switch app behavior depend transport,1
Behavioral,Visitor,repres oper perform element structur visitor let defin new oper without chang element oper classic techniqu recov lost type inform right thing base type two doubl dispatch mani distinct unrel oper perform node heterogen aggreg structur want avoid pollut node oper dont want queri type node cast pointer correct type perform desir operationvisitor primari purpos abstract function appli aggreg hierarchi element approach encourag design lightweight element process function remov list respons new function easili ad origin inherit hierarchi creat new visitor subclassvisitor implement doubl dispatch oo messag routin manifest singl dispatch oper execut depend name request type receiv doubl dispatch oper execut depend name request type two receiv type visitor type element visitsth implement proce follow creat visitor hierarchi defin pure virtual visit method abstract base concret deriv aggreg node hierarchi visit method accept singl argument pointer refer origin element deriv classeach oper support model concret deriv visitor hierarchi visit method declar visitor base defin deriv subclass alloc type queri cast origin implement appropri overload visit methodadd singl pure virtual accept method base element hierarchi accept defin receiv singl argument pointer refer abstract base visitor hierarchyeach concret deriv element hierarchi implement accept method simpli call visit method concret deriv instanc visitor hierarchi pass pass pointer sole argumenteveryth element visitor setup need oper perform creat instanc visitor call accept method element pass visitor objectth accept method caus flow control find correct element subclass visit method invok flow control vector correct visitor subclass accept dispatch plu visit dispatch equal doubl dispatchth visitor make ad new oper util easi simpli add new visitor deriv subclass aggreg node hierarchi stabl keep visitor subclass sync requir prohibit amount effortan acknowledg object visitor repres regress function decomposit separ algorithm data structur legitim interpret perhap better perspectiverational goal promot nontradit behavior full statu,0
Behavioral,Template Method,defin skeleton algorithm oper defer step subclass templat method let subclass redefin certain step algorithm without chang algorithm structurebas declar algorithm placehold deriv implement placeholderstwo differ compon signific similar demonstr reus common interfac implement chang common compon becom necessari duplic effort must expendedth compon design decid step algorithm invari standard variant customiz invari step implement abstract base variant step either default implement implement variant step repres hook placehold must suppli compon concret deriv classth compon design mandat requir step algorithm order step allow compon extend replac number stepstempl method promin framework framework implement invari piec domain architectur defin placehold necessari interest custom option framework becom center univers custom simpli third rock sun invert control structur affection label hollywood principl dont call us well call,1
Behavioral,Mediator,defin encapsul set interact mediat promot loos coupl keep refer explicitli let vari interact independentlydesign intermediari decoupl mani peerspromot manytomani relationship interact peer full statusw want reusabl compon depend potenti reusabl piec demonstr spaghetti phenomenon tri scoop singl serv result noth clump unix permiss access system resourc manag three level granular world group owner group collect user intend model function affili user system member one group group zero user assign next figur show three user assign three group model softwar could decid user coupl group group coupl user chang occur instanc would affectedan altern approach would introduc addit level indirect take map user group group user make abstract unto offer sever advantag user group decoupl one anoth mani map easili maintain manipul simultan map abstract extend futur defin deriv partit system mani gener enhanc reusabl prolifer interconnect tend reduc mediat encapsul interconnect act hub commun respons control coordin interact client promot loos coupl keep refer explicitlyth mediat promot manytomani relationship network full statu model interrelationship enhanc encapsul allow behavior interrelationship modifi extend subclassingan exampl mediat use user group capabl oper system group zero user user member zero group mediat provid flexibl noninvas way associ manag user group,1
Behavioral,Interpreter,languag defin represent grammar along interpret use represent interpret sentenc languagemap domain languag languag grammar grammar hierarch objectori designa problem occur repeatedli welldefin wellunderstood domain domain character languag problem could easili solv interpret engineth interpret discuss defin domain languag ie character simpl languag grammar repres domain rule languag sentenc interpret sentenc solv use repres grammar rule sinc grammar usual hierarch structur inherit hierarchi rule map nicelyan abstract base specifi method interpret concret subclass implement interpret accept argument current state languag stream ad contribut solv process,1
Behavioral,Iterator,provid way access element aggreg sequenti without expos underli representationth c java standard librari abstract make possibl decoupl collect algorithmspromot full statu travers collectionpolymorph traversalne abstract travers wildli differ data structur algorithm defin capabl interfac transparentlyan aggreg list give way access element without expos intern structur moreov might want travers list differ way depend accomplish probabl dont want bloat list interfac oper differ travers even could anticip one youll requir might one travers pend list provid uniform interfac travers mani type aggreg ie polymorph iter might valuableth iter let key idea take respons access travers aggreg put iter defin standard travers protocolth iter abstract fundament emerg technolog call gener program strategi seek explicitli separ notion algorithm data structur motiv promot componentbas develop boost product reduc configur manag exampl want support four data structur array binari tree link list hash tabl three algorithm sort find merg tradit approach would requir four time three permut develop maintain wherea gener program approach would requir four plu three configur item,1
Behavioral,Command,encapsul request therebi let parametr client differ request queue log request support undoabl operationspromot invoc method full statusan objectori callbackne issu request without know anyth oper request receiv requestcommand decoupl invok oper one know perform achiev separ design creat abstract base map receiv action pointer member function base contain execut method simpli call action receiveral client command treat black box simpli invok virtual execut method whenev requir servicea command hold subset follow method appli argument pass method appli command execut method caus piec come togethersequ command assembl composit macro command,0
Behavioral,Strategy,defin famili algorithm encapsul one make interchang strategi let algorithm vari independ client itcaptur abstract interfac buri implement detail deriv classeson domin strategi objectori openclos principlefigur demonstr routin achiev encapsul interfac detail base buri implement detail deriv client coupl interfac experi upheav associ chang impact number deriv chang impact implement deriv chang gener valu softwar commun year maxim cohes minim coupl objectori approach shown figur minim coupl sinc coupl abstract ie use fiction particular realiz abstract could said practic abstract coupl objectori variant gener exhort minim couplinga popular character abstract coupl principl program interfac implementationcli prefer addit level indirect interfac abstract base afford interfac captur abstract ie use fiction want exercis implement interfac effect hidden,1
Behavioral,Memento,without violat encapsul captur extern intern state return state latera magic cooki encapsul check point capabl promot undo rollback full statusne restor back previou state eg undo rollback operationsth request memento sourc need checkpoint sourc state sourc initi memento character state caretak memento sourc store retriev inform memento memento opaqu subsequ need rollback sourc state hand memento back sourc reinstat unlimit undo redo capabl readili implement stack command stack memento,2
Behavioral,Observer,defin onetomani depend one chang state depend notifi updat automaticallyencapsul core common engin compon subject abstract variabl option user interfac compon observ hierarchyth view part modelviewcontrollera larg monolith scale well new graph monitor requir levieddefin keeper data model andor busi logic subject deleg view function decoupl distinct observ observ regist subject creat whenev subject chang broadcast regist observ chang observ queri subject subset subject state respons monitoringthi allow number type view configur dynam instead static specifi compiletimeth protocol describ specifi pull interact model instead subject push chang observ observ respons pull particular window interest subject push model compromis reus pull model less efficientissu discuss left discret design includ implement event compress send singl chang broadcast seri consecut chang occur singl observ monitor multipl subject ensur subject notifi observ go awayth observ captur lion share modelviewcontrol architectur part smalltalk commun year,2
Behavioral,State,allow alter behavior intern state chang appear chang classan objectori state machinewrapp polymorph wrappe collaborationa monolith behavior function state must chang behavior runtim depend state applic character larg numer case statement vector flow control base state applicationth state solut make behavior depend state defin context present singl interfac outsid worlddefin state abstract base classrepres differ state state machin deriv state base classdefin statespecif behavior appropri state deriv classesmaintain pointer current state context classto chang state state machin chang current state pointerth state specifi state transit defin choic two context individu state deriv advantag latter option eas ad new state deriv disadvantag state deriv knowledg coupl sibl introduc depend subclassesa tabledriven approach design finit state machin good job specifi state transit difficult add action accompani state transit patternbas approach use instead data structur specifi state transit good job accommod state transit action,2
Behavioral,Chain of Responsibility,avoid coupl sender request receiv give one chanc handl request chain receiv pass request along chain handl itlaunchandleav request singl process pipelin contain mani possibl handlersan objectori link list recurs traversalther potenti variabl number handler process element node stream request must handl effici process request without hardwir handler relationship preced requesttohandl map encapsul process element insid pipelin abstract client launch leav request entranc pipelin chain receiv togeth pass request messag reach capabl handl messag number type handler isnt known priori configur dynam chain mechan use recurs composit allow unlimit number handler linkedchain respons simplifi interconnect instead sender receiv maintain refer candid receiv sender keep singl refer head chain receiv keep singl refer immedi successor chainmak sure exist safeti net catch request go unhandleddo chain respons request handl one handler know servic handl request,1
Creational,Singleton,ensur one instanc provid global point access encapsul justintim initi initi first applic need one one instanc addit lazi initi global access necessarymak singl instanc respons creation initi access enforc declar instanc privat static data member provid public static member function encapsul initi provid access instanceth call accessor function use name scope resolut oper whenev refer singl instanc requiredsingleton consid three follow criteria satisfiedownership singl instanc can not reason assignedlazi initi desirableglob access otherwis provid forif ownership singl instanc initi occur global access issu singleton suffici interestingth singleton extend support access applicationspecif number instancesth static member function accessor approach support subclass singleton subclass desir refer discuss bookdelet singleton classinst nontrivi see kill singleton john vlissid discuss,0
Creational,Prototype,specifi kind creat use prototyp instanc creat new copi prototypecoopt one instanc breeder futur instancesth new oper consid harmfulappl hard wire creat new expressiondeclar abstract base specifi pure virtual clone method maintain dictionari cloneabl concret deriv need polymorph constructor capabl deriv abstract base regist prototyp instanc implement clone operationth instead write invok new oper hardwir name call clone oper abstract base suppli string enumer data type design particular concret deriv desir,1
Creational,Builder,separ construct complex represent construct process creat differ representationspars complex represent creat one sever targetsan applic need creat element complex aggreg specif aggreg exist secondari storag one mani represent need built primari storagesepar algorithm interpret ie read pars store persist mechan eg rtf file algorithm build repres one mani target product eg ascii tex text widget focusdistinct creat complex aggregatesth director invok builder servic interpret extern format builder creat part complex time call maintain intermedi state product finish retriev result builderafford finer control construct process unlik creation construct product one shot builder construct product step step control director,1
Structural,Proxy,provid surrog placehold anoth control access itus extra level indirect support distribut control intellig accessadd wrapper deleg protect real compon undu complexityy support resourcehungri want instanti unless actual request clientdesign surrog proxi instanti real first time make request proxi rememb ident real forward instig request real subsequ request simpli forward directli encapsul real objectther four common situat proxi applicablecount number refer real freed automat refer aka smart pointerload persist memori first referencedcheck real lock access ensur chang,0
Creational,Factory Method,defin interfac creat subclass decid instanti factori method let defer instanti subclassesdefin virtual constructorth new oper consid harmfula framework need standard architectur model rang applic allow individu applic defin domain provid instantiationfactori method creat templat method implement algorithm superclass specifi standard gener behavior use pure virtual placehold creation step deleg creation detail subclass suppli clientfactori method make customiz littl complic requir new wherea factori method requir new operationpeopl factori method standard way creat isnt necessari that instanti never chang instanti take place oper subclass easili overrid initi operationfactori method similar abstract factori without emphasi familiesfactori method routin specifi architectur framework implement user framework,1
Creational,Abstract Factory,provid interfac creat famili relat depend without specifi concret hierarchi encapsul mani possibl platform construct suit product new oper consid harm applic portabl need encapsul platform depend platform might includ window system oper system databas etc encapsul engin advanc lot ifdef case statement option current support platform begin procreat rabbit throughout codeprovid level indirect abstract creation famili relat depend without directli specifi concret factori espons provid creation servic entir platform famili client never creat platform directli ask factori themthi mechan make exchang product famili easi specif factori appear applic instanti applic wholesal replac entir famili product simpli instanti differ concret instanc abstract factori servic provid factori pervas routin implement singleton,1
Structural,Facade,provid unifi interfac set interfac subsystem facad defin higherlevel interfac make subsystem easier wrap complic subsystem simpler interfac segment commun need simplifi interfac overal function complex subsystem facad discuss encapsul complex subsystem within singl interfac reduc learn curv necessari success leverag subsystem promot decoupl subsystem potenti mani client hand facad access point subsystem limit featur flexibl power user facad fairli simpl advoc facilit becom allknow oracl god,1
Structural,Flyweight,share support larg number finegrain effici motif gui strategi replac heavyweight widget lightweight gadget design lowest level system granular provid optim flexibl unaccept expens term perform memori usag flyweight describ share allow fine granular without prohibit cost flyweight divid two piec statedepend extrins part stateindepend intrins part intrins state store share flyweight extrins state store comput pass flyweight oper invok illustr approach would motif widget reengin lightweight gadget wherea widget intellig enough stand gadget exist depend relationship parent layout manag widget layout manag provid contextdepend event handl real estat manag resourc servic flyweight gadget gadget respons contextindepend state behavior,1
Structural,Composite,compos tree structur repres wholepart hierarchi composit let client treat individu composit uniformlyrecurs compositiondirectori contain entri could directory1tomani hierarchyappl need manipul hierarch collect primit composit process primit handl one way process composit handl differ queri type attempt process desir defin abstract base compon specifi behavior need exercis uniformli across primit composit subclass primit composit compon composit coupl abstract type compon manag children whenev composit contain compon could compositechild manag method eg addchild removechild normal defin composit unfortun desir treat primit composit uniformli requir method move abstract compon see opinion section discuss safeti versu transpar issu,1
Structural,Decorator,attach addit respons dynam decor provid flexibl altern subclass extend function clientspecifi embellish core recurs wrap wrap gift put box wrap box want add behavior state individu runtim inherit feasibl static appli entir suppos work user interfac toolkit wish support ad border scroll bar window could defin inherit hierarchi decor suggest give abil specifi whatev combin featur desir flexibl achiev follow anoth exampl cascad chain featur togeth produc custom might look solut problem involv encapsul origin insid abstract wrapper interfac decor core inherit abstract interfac interfac use recurs composit allow unlimit number decor layer ad core objectnot allow respons ad method interfac interfac present must remain constant success layer specifiedalso note core ident hidden insid decor tri access core directli,1
Structural,Adapter,convert interfac anoth interfac client expect adapt let work togeth couldnt otherwis incompat interfac wrap exist new interfaceimped match old compon new systeman shelf compon offer compel function would reus view world compat philosophi architectur system current developedreus alway pain elus one reason tribul design someth new reus someth old alway someth quit right old new physic dimens misalign time synchron unfortun assumpt compet standardsit insert new threeprong electr plug old twoprong wall outlet ã¢â¬â kind adapt intermediari necessari adapt creat intermediari abstract translat map old compon new system client call method adapt redirect call legaci compon strategi implement either inherit aggregationadapt function wrapper modifi exist provid differ translat view,1
Structural,Bridge,decoupl abstract implement two vari independ publish interfac inherit hierarchi buri implement inherit hierarchi beyond encapsul insulationharden softwar arteri occur use subclass abstract base provid altern implement lock compiletim bind interfac implement abstract implement can not independ extend compos consid domain thread schedul two type thread schedul two type oper system platform approach special defin permut two dimens add new platform say java virtual machin would hierarchi look three kind thread schedul four kind platform five kind thread schedul ten kind platform number would defin product number schedul scheme number platformsth bridg propos refactor exponenti explos inherit hierarchi two orthogon hierarchi one platformindepend abstract platformdepend implement decompos compon interfac implement orthogon hierarchi interfac contain pointer abstract implement pointer initi instanc concret implement subsequ interact interfac implement limit abstract maintain implement base interact interfac turn deleg request implement interfac handl known implement bodi safe encapsul ensur continu evolv entir replac share runtim bridg want runtim bind implementationy prolifer result coupl interfac numer implementationsy want share implement among multipl objectsy map orthogon hierarchi consequ includedecoupl interfaceimprov extens extend ie subclass abstract implement hierarchi independentlyhid detail clientsbridg synonym handlebodi idiom mechan encapsul implement insid interfac former bodi latter handl handl view user actual work done bodi handlebodi idiom decompos complex abstract smaller manag idiom reflect share singl resourc multipl control access eg refer count,1
Creational,Abstract Factory,allow creation without specifi concret type abstract factori one classic gang four creation creat famili famili design work togeth abstract factori provid interfac creat famili relat depend specifi concret creat point view mean creat famili relat without know definit concret name abstract factori use composit creat famili objectsobject creat famili,1
Creational,Builder,creat complex separ construct complex represent construct process creat differ represent builder allow enforc stepbystep process construct complex finish product stepbystep construct process remain finish product differ represent,1
Creational,Factory Method,creat without specifi exact creat creation applic name suggest factori method make act factori creat favor method invoc instead make direct constructor call creat factori method provid interfac java interfac abstract creat factori method interfac defer creation one concret subclass run time subclass implement factori method select whose creat,1
Creational,Prototype,creat new exist specifi kind creat use prototyp instanc creat new copi prototyp use prototyp creat new request instead start creat singl call prototyp make copi request java achiev clone way make copi state origin creat copi creat new constructor call much simpler time creat copi move enterpris applic develop applic perform critic encount situat construct involv time consum oper network commun databas read disk io larg number need creat avoid repeat step initi creat prototyp make copi,1
Creational,Singleton,ensur one instanc creat instanti global point access instanc provid instanc alreadi creat constructor simpli return refer simplest implement singleton constructor singletonclass made privat make sure way instanti exampl known lazi initi â mean restrict creation instanc request first time situat singleton use typic exampl could shortli describ âmanagersâ manag resourc read data configur file instanti thread etc,0
Structural,Adapter,allow two incompat work togeth wrap interfac around one exist convert interfac anoth interfac client expect adapt let work togeth couldnt otherwis incompat interfac typic incompat modul need integr exist modul without make sourc modif,0
Structural,Bridge,decoupl abstract two vari independ abstract decoupl implement usual way inherit defin interfac abstract creat inherit hierarchi one sever possibl implement although first look approach appear logic noth wrong abstract inherit isnt alway flexibl inherit perman bind implement abstract result chang made one affect flexibl way separ abstract implement bridg come identifi realiz relationship simpl way bridg separ abstract implement separ hierarchi bridg hierarchi achiev composit,1
Structural,Composite,take group singl compos tree structur repres partwhol hierarchi composit let client treat individu composit uniformli use creat hierarch tree uniform manner without go complex cast type evalu condit check see one independ contain,1
Structural,Decorator,allow behavior extend dynam run time attach addit respons dynam decor provid flexibl altern subclass extend function instead attach new respons dynam exactli intend decor per gang four â âattach addit respons dynamicallyâ use composit composit dynam add multipl new respons run time great thing doesnt awar conform open close principl look eleg great objectori program languag overlook simplic use composit solv,1
Structural,Facade,provid simpl interfac complex underli provid unifi interfac set interfac subsystem facad defin higherlevel interfac make subsystem easier facad handl underli interact subsystem servic transpar client deleg request appropri subsystem,1
Structural,Flyweight,reduc cost complex model share support larg number finegrain effici share say applic requir larg number finegrain share instead repeat instanti share refer flyweight,1
Structural,Proxy,provid placehold interfac underli control access reduc cost reduc complex provid surrog placehold anoth control access proxi use proxi surrog âin place ofâ anoth object proxi control creation access real repres common proxi defer cost instanti expens creat actual need client,0
Behavioral,Chain of Responsibility,deleg command chain process avoid coupl sender request receiv give one chanc handl request chain receiv pass request along chain handl applic alway initi request applic handl chain respons state â decoupl send request handl solut list handler known respond capabl deal specif natur request one handler cant handl request pass next chain end chain one gener handler implement default behavior request,1
Behavioral,Command,creat encapsul action paramet encapsul request therebi let parameter client differ request queue log request support undoabl oper command proven solut address recur problem tightli coupl invok receiv compon applic state request encapsul store pass around applic request encapsul known command command invok issu command without know anyth receiv fact invok issu command doesnt even know oper carri issu command let look program point view command basic execut method option undo method execut method execut oper receiv undo method revers current oper implement oper done receiv invok set command invok command call execut method invok know execut method invok switch invok invok command call execut method command might turn light even start gener essenti mean invok switch invok command perform action differ receiv devic creat appropri command set invok appar appli command take reusabl anoth level made possibl due loos coupl invok receiv command act interfac,0
Behavioral,Interpreter,implement special languag languag defin represent grammar along interpret use represent interpret sentenc languag best analog interpret time interpret gestur observ gestur present interpret base cultur interpret differ signific interpret give gestur differ mean similarli program world applic receiv user input wide varieti sourc browser gui command line tool mobil phone input express differ format mathemat express follow one infix prefix postfix notat new type input format introduc dont want chang send input solut interpret allow autom flexibl process express provid input user purpos use interpret process user input express build abstract syntax tree refer ast ast instanc composit wrote earlier parser pars ast produc output,1
Behavioral,Iterator,access element sequenti without expos underli represent provid way access element aggreg sequenti without expos underli represent iter address recur problem deal aggreg say aggreg provid way access element sequenti without expos intern structur accomplish intent separ respons access travers element store aggreg assign anoth refer iter iter keep track element perform differ type travers sequenti base want accomplish import decoupl iter aggreg reus travers type aggreg program way ask aggreg iter aggreg return iter initi data structur hold element use iter travers element,1
Behavioral,Mediator,allow loos coupl detail knowledg method defin encapsul set interact mediat promot loos coupl keep refer explicitli let vari interact independ mediat say instead allow set directli interact defin mediat handl interact mediat essenti say set âtalk instead talk among yourselvesâ figur conceptu show interact without mediat mediat encapsul interact logic system therefor exist updat new interact rule new ad system mediat updat absenc mediat would updat correspond interact mediat becom encapsul thu chang extens,1
Behavioral,Memento,provid abil restor previou state without violat encapsul captur extern intern state restor state use memento call origin whose state even partial state need save creat anoth call memento hold differ state origin therefor memento need properti origin order save state origin properti privat field wont access outsid origin mean memento can not access privat field solut core memento appli memento origin abl creat memento current state origin origin updat memento whenev state chang deem necessari save chang state restor previou state memento separ logic save state origin memento adher singl respons principl one solid principl memento pojo remain âopaqueâ origin store retriev state inform memento origin creat differ memento hold current state state chang manag memento caretak come play purpos caretak safekeep memento equal import caretak never modifi state memento modif would rippl back origin would violat encapsul,2
Behavioral,Observer,publishsubscrib allow number observ see event defin onetomani depend one chang state depend notifi updat automat observ facilit commun decoupl defin relationship â usual singl subject onetomani relationship multipl observ state subject chang observ notifi accordingli figur illustr explain gof doesnt limit relationship one subject multipl regist observ one observ regist multipl subject receiv notif subject observ anoth subject result chain observ,2
Behavioral,State,allow alter behavior intern state chang appear chang behavior domain respond busi method depend state busi method chang state forc behav differ invok state encapsul state domain separ runtim deleg repres current state â know polymorph branch condit statement separ enabl treat vend machin state vari independ peer essenti follow principl âencapsul variesâ,2
Behavioral,Strategy,allow one famili algorithm select onthefli runtim defin famili algorithm encapsul one make interchang strategi let algorithm vari independ client defin set relat algorithm encapsul separ host encryptor client choos algorithm run time easili add new algorithm remov exist one without modifi exist algorithm host,1
Behavioral,Template Method,defin skeleton algorithm abstract allow subclass provid concret behavior defin skeleton algorithm oper defer step subclass templat method let subclass redefin certain step algorithm without chang algorithm structur algorithm consist step step common across algorithm repeat common step across differ algorithmspecif result duplic addit one common step modif modifi across implement open door inconsist defect creep effici approach put common common step abstract base abstract singl interfac method client call method make call specif order method implement step algorithm common step implement abstract base algorithmspecif subclass extend abstract base inherit common step algorithmspecif primit step mark abstract algorithmspecif subclass overrid primit step implement templat method nutshel defin skeleton algorithm abstract allow subclass provid concret behavior interfac method abstract client call templat method â simpl term method defin algorithm seri step,1
Behavioral,Visitor,separ algorithm structur move hierarchi method one repres oper perform element structur visitor let defin new oper without chang element oper separ algorithm present element structur anoth known visitor exactli gof mean first sentenc visitor intent ârepres oper perform element structureâ practic result separ abil add new oper element structur without modifi â one way follow open close principl exactli gof mean say second sentenc intent â âvisitor let defin new oper without chang element operatesâ,1
Creational,Abstract Factory,creat famili relat share common theme depend among want ensur creat compat follow consist implement across famili directli instanti result tight coupl difficulti manag creation variat abstract factori provid solut introduc abstract factori interfac defin method creat famili relat concret subclass abstract factori repres specif variant famili interact abstract factori use creat instanc relat decoupl concret implement allow creation compat consist famili abstract factori work promot principl depend invers abstract depend abstract factori interfac allow work concret factori subclass without tightli coupl specif type use abstract factori creat specif famili without need know detail creation specif involv,1
Creational,Builder,construct complex step step vari configur tradit approach directli construct use multipl constructor paramet setter becom cumbersom especi deal numer option paramet complex initi logic builder provid solut separ construct represent involv creat separ builder handl stepbystep construct builder provid method set differ properti method retriev final construct interact builder specifi desir configur creat complex builder work simplifi construct process provid clear readabl api construct complex separ construct logic builder allow fluent intuit way configur creat provid consist control way creat variou configur without larg number constructor complex initi,1
Creational,Factory Method,creat without specifi concret aris want decoupl specif creation logic support multipl variat famili becom tightli coupl concret make difficult extend chang creation process factori method provid solut defin interfac abstract creat deleg actual creation subclass instead directli instanti reli factori method defin interfac abstract subclass implement factori method creat desir encapsul creation logic allow flexibl extens factori method work adher openclos principl open extens ad new subclass close modif doesnt chang new introduc allow depend abstract rather concret promot loos coupl flexibl creation,1
Creational,Prototype,creat new copi exist creat scratch expens term resourc time especi initi process complex involv costli oper directli creat use constructor factori lead ineffici creation reduc perform prototyp provid solut introduc prototyp serv blueprint creat new instead creat scratch creat clone prototyp modifi necessari clone oper shallow deep depend complex intern refer approach allow effici creat new copi exist one reduc overhead creation prototyp work leverag clone creat new use prototyp blueprint elimin costli initi construct oper instead simpli clone prototyp modifi clone requir approach allow effici creation custom maintain consist optim creation process,1
Creational,Singleton,ensur one instanc throughout program necessari resourc manag coordin maintain central point access share function multipl instanc creat lead unnecessari resourc alloc inconsist behavior singleton provid solut ensur one instanc provid global access instanc involv defin privat constructor static method control creation access instanc first time static method call creat instanc return subsequ call simpli return exist instanc singleton work enforc creation singl instanc provid global point access instanc restrict constructor privat prevent extern directli creat multipl instanc static method ensur one instanc creat return regardless mani time call,0
Structural,Adapter,integr exist compon incompat interfac commun protocol direct commun interact incompat possibl result inabl reus integr seamlessli adapt provid solut act bridg incompat interfac protocol involv creat adapt wrap around incompat provid compat interfac compon interact adapt translat request call compat interfac correspond call oper underli incompat adapt work introduc intermediari adapt act layer translat compat allow compon requir specif interfac protocol commun incompat without need modifi exist codebas incompat adapt encapsul translat logic provid seamless integr point incompat compon,0
Structural,Bridge,decoupl abstract implement tradit approach singl hierarchi abstract implement result larg number combin tight coupl abstract implement make codebas complex hard maintain bridg provid solut separ abstract implement use two separ hierarchi involv creat abstract defin highlevel interfac implement provid concret implement detail abstract contain refer implement allow abstract deleg specif implement task implement bridg work decoupl abstract implement allow vari independ encapsul hierarchi within bridg promot loos coupl flexibl abstract select differ implement runtim without modifi new abstract implement ad independ without affect,1
Structural,Composite,work hierarch structur collect uniform way treat individu group differ lead complex inconsist addit perform oper individu group without know specif type composit provid solut treat individu group uniformli involv creat common interfac individu group allow client interact consist way individu group structur treelik hierarchi share common base interfac composit work repres individu group unifi manner common interfac base abstract allow client treat uniformli without need know specif type hierarch structur enabl recurs oper oper appli individu group seamlessli,1
Structural,Decorator,add addit behavior function dynam without modifi underli structur tradit inheritancebas approach result rigid hierarchi introduc high number subclass combin function make codebas complex hard maintain decor provid solut allow add modifi behavior runtim without affect structur involv creat decor wrap around origin provid addit function implement interfac origin multipl decor stack top form chain decor decor work extend function dynam work creat decor implement interfac origin contain refer origin decor add new function deleg call origin ad behavior deleg effect extend modifi behavior origin,1
Structural,Facade,complex subsystem set variou depend need simplifi present unifi simplifi interfac interact directli individu compon subsystem cumbersom requir deep knowledg system intern structur depend facad provid solut introduc simplifi interfac facad hide complex underli subsystem involv creat facad encapsul interact subsystem compon provid singl entri point client access subsystem function facad coordin action interact subsystem compon shield client detail subsystem facad work provid highlevel interfac hide complex subsystem encapsul interact depend subsystem compon allow client interact subsystem simplifi unifi interfac central interact facad becom easier understand maintain subsystem client work consist simplifi api,1
Structural,Flyweight,effici repres larg number similar properti intrins data repres individu consum signific memori resourc especi mani share common state overlap characterist flyweight provid solut separ intrins extrins state involv creat flyweight repres share state among multipl extrins state uniqu store extern flyweight share among multipl reduc memori consumpt improv perform flyweight work promot share reus separ intrins extrins state flyweight share among multipl effect reduc memori footprint extrins state manag extern pass flyweight need enabl multipl reus share state effici,2
Structural,Proxy,control access provid addit function without modifi underli implement direct access appropri desir due secur concern resourc limit addit oper access proxi provid solut introduc proxi act surrog placehold real proxi control access real add extra behavior perform addit oper forward request real proxi mimic interfac real allow client interact transpar manner proxi work introduc intermediari real proxi provid level indirect allow control access real perform addit oper necessari client interact proxi real unawar underli mechan modif made proxi,0
Behavioral,Chain of Responsibility,multipl compon handl request perform oper sequenti handl logic vari respons chain chang dynam hardcod handl logic creat tight coupl make codebas inflex difficult maintain chain respons provid solut decoupl sender request receiv involv creat chain handler handler abil handl request pass next handler chain request travers chain handl reach end chain chain respons work separ sender request receiv allow multipl chanc handl request handler chain decid whether handl request pass next handler promot loos coupl flexibl scalabl chain modifi runtim new handler ad remov without affect,1
Behavioral,Command,decoupl sender request receiv allow parameter client differ request support undoabl oper directli invok oper tightli coupl sender receiv make challeng manag differ request support undo oper command provid solut encapsul request decoupl sender receiv involv creat command encapsul specif oper request along paramet command provid execut method trigger correspond oper receiv command work abstract sender receiv command sender know detail request execut receiv need hold execut command loos coupl enabl sender work differ command allow easi parameter dynam composit request,0
Behavioral,Interpreter,interpret evalu structur textual express rule implement grammar rule set directli complex inflex difficult maintain especi grammar rule set larg subject frequent chang interpret provid solut defin languag grammar set rule use combin involv creat interpret repres grammar rule express provid method interpret evalu interpret work togeth pars evalu execut structur express interpret work separ grammar rule set implement allow defin rule express use structur represent easili modifi extend interpret interpret evalu express base defin grammar allow build complex behavior combin simpl interpret,1
Behavioral,Iterator,travers iter element collect aggreg without expos underli structur differ collect type differ intern structur modifi iter type collect addit iter element collect differ way without modifi collect iter provid solut decoupl travers iter logic underli collect aggreg involv defin iter encapsul iter behavior provid method access element collect iter keep track current posit within collect provid method move next element iter work separ iter logic collect aggreg iter provid standard interfac access element abstract away specif structur implement detail collect allow iter differ collect type use consist interfac without need modifi collect type,1
Behavioral,Mediator,set commun interact direct coupl lead complex depend tight interconnect manag commun coordin among multipl becom challeng result difficult understand maintain extend mediat provid solut introduc mediat encapsul commun coordin logic set instead direct commun commun mediat central interact reduc depend mediat promot loos coupl simplifi commun flow mediat work decoupl central interact mediat know mediat send request notif mediat handl commun coordin rout reduc complex manag direct objecttoobject interact allow flexibl maintain,1
Behavioral,Memento,captur restor intern state without violat encapsul directli expos intern state provid public method state manipul compromis encapsul introduc complex manag state chang memento provid solut introduc three main compon origin memento caretak origin repres whose state need captur restor memento store state origin caretak respons manag store memento origin creat memento save state caretak store retriev memento need memento work encapsul extern state memento origin respons creat memento restor state memento need caretak manag memento allow save retriev state without violat encapsul,2
Behavioral,Observer,multipl notifi updat state anoth chang establish direct depend lead tight coupl difficult maintain extend reus observ provid solut defin onetomani depend subject observ maintain list observ subscrib notifi automat state chang observ updat base new state subject observ work decoupl subject observ allow vari independ subject need know abstract observ interfac observ implement interfac receiv notif loos coupl enabl flexibl dynam commun,2
Behavioral,State,behavior chang base intern state implement condit statement switchcas statement manag differ behavior lead complex tightli coupl difficult maintain extend understand state provid solut encapsul behavior separ state allow dynam chang behavior switch state deleg behavior current state decoupl behavior state work repres behavior separ state exhibit behavior maintain refer current state deleg method call state state need chang switch differ state approach enabl differ behavior without alter implement,2
Behavioral,Strategy,dynam chang algorithm behavior runtim hardcod algorithm use condit statement lead duplic poor maintain limit flexibl strategi provid solut encapsul algorithm behavior separ strategi allow choos appropri strategi runtim switch differ strategi without modifi core logic promot reus flexibl strategi work defin common interfac strategi allow interchang oper interfac decoupl specif strategi provid differ strategi conform common interfac dynam select appropri strategi runtim,1
Behavioral,Template Method,defin overal structur algorithm oper allow certain step detail implement subclass specif implement directli implement entir algorithm singl lead duplic lack flexibl difficulti manag variat custom templat method provid solut defin skeleton algorithm base deleg implement specif step subclass involv creat abstract base provid templat method defin overal algorithm structur templat method call sever abstract hook method subclass must implement custom extend algorithm behavior templat method work separ highlevel algorithm specif implement step base defin common structur control overal flow algorithm templat method subclass provid implement abstract hook method allow custom extens adher algorithm structur,1
Behavioral,Visitor,perform oper group belong differ differ interfac ad new oper function becom challeng requir modifi exist violat openclos principl visitor provid solut separ oper structur introduc visitor defin separ visit method type structur accept visitor deleg oper visitor decoupl specif oper perform visitor work leverag doubl dispatch structur accept visitor call appropri visit method base type visitor perform desir oper approach allow ad new oper function without modifi exist,0
Creational,Abstract Factory,allow us creat factori factori familiar factori java notic singl factori factori return differ subclass base input provid factori use ifels switch statement achiev abstract factori get rid ifels block factori subclass abstract factori return subclass base input factori first seem confus see implement realli easi grasp understand minor differ factori abstract factori factori post superclass subclass,1
Creational,Builder,creat step step method final get instanc builder introduc solv problem contain lot attribut solv issu larg number paramet provid constructor requir paramet differ setter method set option paramet approach state inconsist unless attribut set explicitli builder solv issu larg number option paramet inconsist state provid way build stepbystep provid method actual return final,1
Creational,Factory Method,factori take respons instanti factori factori superclass multipl subclass base input return one subclass take respons instanti program factori let first learn implement factori java look factori advantag see factori usag jdk,1
Creational,Prototype,creat new instanc anoth similar instanc modifi accord requir prototyp creation costli affair requir lot time resourc similar alreadi exist prototyp provid mechan copi origin new modifi accord need prototyp use java clone copi would easi understand prototyp exampl suppos load data databas modifi data program multipl time good idea creat use new keyword load data databas better approach would clone exist new data manipul prototyp mandat copi provid copi featur done whether shallow deep copi properti depend requir decis,1
Creational,Singleton,singleton restrict initi ensur one instanc creat singleton restrict instanti ensur one instanc exist singleton must provid global access point get instanc singleton log driver cach thread pool privat constructor restrict instanti privat static variabl instanc public static method return instanc global access point outer world get instanc singleton,0
Structural,Adapter,provid interfac two unrel entiti work togeth,0
Structural,Bridge,bridg decoupl interfac implement hide implement detail program decoupl abstract implement two vari independ implement bridg follow notion prefer composit inherit,1
Structural,Composite,implement partwhol hierarchi exampl diagram made piec circl squar triangl etc creat structur way structur treat way appli composit let understand real life exampl diagram structur consist circl line triangl etc fill draw color say red color get appli draw draw made differ part oper composit consist follow base compon base compon interfac composit program use base compon work composit interfac abstract method common leaf defin behaviour element composit build block composit implement base compon doesnt refer compon composit consist leaf element implement oper base compon,1
Structural,Decorator,decor modifi function runtim modifi function runtim time instanc affect individu get modifi behavior inherit composit extend behavior done compil time applic instanc cant add new function remov exist behavior runtim,1
Structural,Facade,creat wrapper interfac top exist interfac help applic provid unifi interfac set interfac subsystem facad defin higherlevel interfac make subsystem easier suppos applic set interfac mysqloracl databas gener differ type report html report pdf report etc differ set interfac work differ type databas applic interfac get requir databas connect gener report complex increas interfac behavior name confus applic find difficult manag appli facad provid wrapper interfac top exist interfac help applic,1
Structural,Flyweight,cach reus instanc immut share support larg number finegrain effici flyweight creat lot sinc everi consum memori space crucial low memori devic mobil devic embed system flyweight appli reduc load memori share number creat applic huge creation heavi memori time consum properti divid intrins extrins properti extrins properti defin program appli flyweight divid properti intrins extrins properti intrins properti make uniqu wherea extrins properti set perform differ oper,1
Structural,Proxy,provid surrog placehold anoth control access provid surrog placehold anoth control access definit clear proxi want provid control access function let say run command system use fine want give program applic sever issu program issu command delet system file chang set dont want proxi creat provid control access program,0
Behavioral,Chain of Responsibility,achiev loos coupl softwar request pass chain process chain respons achiev loos coupl softwar request pass chain process chain decid process request whether request requir sent next chain,1
Behavioral,Command,command implement lose coupl requestrespons model command request send invok invok pass encapsul command command pass request appropri method receiv perform specif action program creat receiv attach command creat invok attach command perform action program execut action process base command receiv,0
Behavioral,Interpreter,defin grammat represent languag provid interpret deal grammar,1
Behavioral,Iterator,provid standard way travers group iter interfac provid method travers collect provid way access element aggreg without expos underli represen iter travers collect provid differ kind iter base requir iter hide actual implement travers collect program iter method,1
Behavioral,Mediator,provid central commun medium differ system allow loos coupl encapsul way dispar set interact commun allow action set vari independ one anoth mediat help enterpris applic multipl interact interact directli system compon tightlycoupl make higher maintain cost hard extend mediat focus provid mediat commun help implement losecoupl air traffic control great exampl mediat airport control room work mediat commun differ flight mediat work router logic provid way commun system commun call colleagu usual interfac abstract provid contract commun concret implement mediat exampl tri implement chat applic user group chat everi user identifi name send receiv messag messag sent user receiv user group,1
Behavioral,Memento,memento want save state restor,2
Behavioral,Observer,use interest state want get notifi whenev chang observ watch state anoth call observ watch call subject defin onetomani depend one chang state depend notifi updat automat subject contain list observ notifi chang state provid method use observ regist unregist subject contain method notifi observ chang either send updat notifi observ provid anoth method get updat observ method set watch anoth method subject notifi updat java provid inbuilt platform implement observ javautilobserv javautilobserv interfac wide implement realli simpl time dont want end extend implement observ java doesnt provid multipl inherit java messag servic jm use observ along mediat allow applic subscrib publish data applic modelviewcontrol mvc framework observ model subject view observ regist get notifi chang model,2
Behavioral,State,state chang behavior base intern state chang behavior base state state variabl ifels condit block perform differ action base state state provid systemat loos coupl way achiev context state implement state context state refer one concret implement state context forward request state process,2
Behavioral,Strategy,strategi multipl algorithm specif task decid actual implement runtim strategi known polici defin multipl algorithm applic pass algorithm paramet one best exampl strategi collectionssort method take compar paramet base differ implement compar interfac get sort differ way,1
Behavioral,Template Method,creat templat method stub defer step implement subclass templat method defin step execut algorithm provid default implement might common subclass let understand exampl suppos want provid algorithm build hous step perform build hous build foundat build pillar build wall window import point cant chang order execut cant build window build foundat case creat templat method differ method build hous build foundat hous type hous whether wooden hous glass hous provid base implement subclass want overrid method mostli common type hous make sure subclass dont overrid templat method make final,1
Behavioral,Visitor,visitor perform oper group similar kind visitor perform oper group similar kind help visitor move oper logic anoth exampl think shop cart add differ type item element click checkout button calcul total amount paid calcul logic item move logic anoth use visitor,0
Creational,Abstract Factory,abstract factori provid set relat depend famili creat factori determin runtim abstract factori allow creation group relat without requir specifi exact concret one number factori gener set abstract factori gang four creation control instanti abstract factori provid set relat depend famili creat factori determin runtim accord select concret factori,1
Creational,Builder,builder creat complex constitu part must creat order use specif algorithm extern control construct algorithm builder allow stepbystep creation complex use correct sequenc action construct control director need know type creat builder gang four creation control instanti builder creat complex constitu part must creat order use specif algorithm extern known director control construct algorithm,1
Creational,Factory Method,factori replac constructor abstract process gener type instanti determin runtim factori method allow creation without specifi type creat factori contain method allow determin creat type runtim factori gang four creation control instanti factori replac constructor abstract process gener type instanti determin runtim,1
Creational,Prototype,prototyp instanti new copi properti exist creat independ clone practis particularli use construct new ineffici prototyp instanti copi clone properti exist new exact copi prototyp permit modif without alter origin prototyp gang four creation control instanti gener instanti new copi properti exist creat independ clone practis particularli use construct brand new use new oper ineffici gener clone new either shallow deep copi shallow copi duplic properti properti contain refer type refer copi mean chang referenc visibl clone origin deep copi clone main child properti refer type clone give truli independ copi prototyp usual gener deep copi though depend upon situat,1
Creational,Singleton,singleton ensur one particular ever creat refer singleton refer underli instanc singleton ensur one concurr instanc whenev addit singleton requir previous creat singl instanc provid singleton gang four creation control instanti ensur one particular ever creat refer singleton refer underli instanc singleton use singl global point access limit resourc requir appropri creat global variabl copi lead multipl access point risk duplic becom step origin,0
Structural,Adapter,adapt provid link two otherwis incompat type wrap adapte support interfac requir adapt allow two incompat type commun one reli upon specif interfac implement anoth adapt act translat two type adapt gang four structur defin manner creat relationship adapt provid link two otherwis incompat type wrap adapte support interfac requir,0
Structural,Bridge,bridg separ abstract element implement detail provid mean replac implement detail without modifi abstract bridg separ abstract element technic implement provid cleaner implement realworld allow implement detail chang easili bridg gang four structur defin manner creat relationship entiti bridg separ abstract element implement detail exampl abstract element busi logic applic creat without knowledg implement detail data access interoper oper system provid mean replac implement detail without modifi abstract permit exampl chang oper system databas etc impact busi logic bridg find implement detail includ within abstract element way implement detail chang gener inherit subclass provid differ implement problemat refin abstract includ inherit number requir grow exponenti new contain busi logic implement detail ad system singl implement singl abstract one would requir four abstract combin five implement potenti requir twenti lot overlap use bridg far fewer necessari simplest scenario due remov platform depend abstract anoth benefit bridg introduc possibl chang implement detail runtim could permit user switch implement determin softwar interoper system exampl allow user decid whether store inform databas xml file use anoth storag mechan,1
Structural,Composite,composit creat hierarch recurs tree structur relat element structur access utilis standard manner composit creat hierarch model defin manner recurs tree structur individu group access manner composit gang four structur defin manner creat relationship entiti composit creat hierarch recurs tree structur relat element structur access utilis standard manner includ individu leaf branch tree,1
Structural,Decorator,decor extend alter function runtim wrap decor provid flexibl altern use inherit modifi behaviour decor extend function individu wrap one decor decor modifi exist member add new method properti runtim decor gang four structur defin manner creat relationship entiti decor extend alter function runtim wrap decor provid flexibl altern use inherit modifi behaviour decor extend function individu mean modif made runtim rather time allow chang appli respons specif condit userselect option busi rule mean sever base upon underli decor differ manner addit modifi decor share base multipl decor appli increment modifi behaviour,1
Structural,Facade,facad defin simplifi interfac complex subsystem facad simplifi access function complex poorli design subsystem facad provid simpl singleclass interfac hide implement detail underli facad gang four structur defin manner creat relationship entiti facad defin simplifi interfac complex subsystem facad ideal work larg number interdepend requir multipl method particularli complic difficult understand facad wrapper contain set member easili understood simpl member access subsystem behalf facad user hide implement detail facad particularli use wrap subsystem poorli design can not refactor sourc unavail exist interfac wide sometim decid implement one facad provid subset function differ purpos,1
Structural,Flyweight,flyweight reduc memori resourc usag complex model contain mani hundr thousand hundr thousand similar flyweight minimis resourc usag work larg number creat mani thousand ident stateless flyweight lower memori manag level flyweight gang four structur defin manner creat relationship flyweight reduc memori resourc usag complex model contain mani hundr thousand even hundr thousand similar creat larg number requir amount memori store state even storag requir individu small number caus overal memori usag high depend upon scenario target environ memori usag high program can not execut case creat includ inform duplic true flyweight appli properti share reason unchang move flyweight main share data refer appropri flyweight requir drastic reduc memori main flyweight use concept intrins extrins data intrins data held properti flyweight share inform stateless gener remain unchang chang would effect replic amongst refer flyweight extrins data state held outsid flyweight pass method flyweight need never store within share flyweight flyweight use variat factori method gener share factori receiv request flyweight instanc match alreadi particular return new flyweight gener usual full set avail flyweight held within factori collect access quickli hashtabl,1
Structural,Proxy,proxi provid surrog placehold refer underli proxi provid public interfac underli subject ad level indirect accept request pass real subject necessari proxi creat surrog placehold proxi instanc accept request pass underli return result proxi improv effici enhanc function proxi gang four structur defin manner creat relationship entiti proxi provid surrog placehold refer underli proxi provid public interfac underli subject add level indirect accept request pass real subject necessari improv effici access wish access directli perhap slow execut resourceintens wish add extra function cach proxi improv perform underli member perform longrun task return seldomchang result exampl underli provid method calcul prime number first call proxi match method made call pass real result call store within proxi return subsequ call cach inform proxi return without recalcul prime number protect proxi add layer secur underli subject exampl real access databas retriev sensit data protect proxi could add method properti allow provid appropri authent allow data return could filter data accord right authent user remot proxi provid local refer subject anoth locat gener via network connect proxi perform requir action encod request network transfer accept result remot resourc return common exampl remot proxi local gener visual studio provid access web servic smart proxi add extra function call real member function invis exampl count exist refer resourceintens counter reach zero data remov memori could smart proxi log call underli member virtual proxi provid simplifi version complex detail requir main actual popul provid form lazi initialis exampl file manag util window explor file visibl screen obtain file list file name size easytoretriev inform would held proxi document preview command request would real creat popul full content file slower access requir memori,0
Behavioral,Chain of Responsibility,chain respons process vari request dealt differ handler chain respons defin link list handler abl process request request submit chain pass first handler list abl process chain respons gang four behaviour defin manner control commun entiti chain respons process vari request dealt differ handler promot loos coupl allow seri handler creat link list chain request pass first handler chain either process pass successor continu request process end chain reach handler respons final process request known beforehand style process except handl system c except thrown method caus except chanc process via trycatch block suitabl catch avail except move call method includ trycatch continu except handl possibl handler trycatch block thought use chain respons multipl catch differ type except option handl except,1
Behavioral,Command,command express request includ call made requir paramet command command execut immedi held command enabl inform request contain within singl command invok requir part batch queu command rollback capabl command gang four behaviour defin manner control commun entiti command express request includ call made requir paramet command command execut immedi held queue command creat execut batch command contain function execut inform requir perform action function contain within receiv remov direct link command definit function promot loos coupl neither type respons determin time execut command control use invok command use support activ requir execut seri command command held queue process sequenti command store stack execut command revers allow implement rollback multilevel undo facil,0
Behavioral,Interpreter,interpret defin grammar instruct form part languag notat whilst allow grammar easili extend interpret use develop domainspecif languag notat allow grammar notat repres objectori fashion easili extend interpret gang four behaviour defin manner control commun entiti interpret defin grammar instruct form part languag notat whilst allow grammar easili extend interpret perform activ base upon hierarchi express express termin mean standalon structur immedi evalu nontermin mean compos one express tree structur similar defin composit termin express leaf nontermin express composit tree contain express evalu usual gener parser parser part interpret interpret use simpl languag perform critic grammar becom complex number differ express type repres becom unwieldi lead unmanag hierarchi slow process express reason consid ineffici rare discount situat,1
Behavioral,Iterator,iter provid standard interfac travers collect item aggreg without understand underli structur iter provid mean element aggreg access sequenti without knowledg structur allow travers list tree structur standard manner iter gang four behaviour defin manner control commun entiti iter provid standard interfac travers collect item aggreg without understand underli structur interfac provid gener simplist provid method move next item return begin list retriev current item determin end list reach variat upon iter extens within c net framework iter includ standard array collect easili ad implement ienumer ienumer interfac c version 20 includ yield keyword simplifi process creat iter,1
Behavioral,Mediator,mediat reduc coupl commun instead commun directli thu requir knowledg implement send messag via mediat mediat promot loos coupl remov commun directli instead mediat encapsul centralis interact mediat gang four behaviour defin manner control commun entiti mediat reduc coupl commun instead commun directli thu requir knowledg implement send messag mediat mediat transmit messag manner interpret initi messag therefor requir knowledg receiv mediat promot loos coupl remov direct depend simplifi commun gener program contain larg number interact know pass messag mediat rather numer colleagu simplifi commun improv readabl increas maintain mediat chang without requir modif type,1
Behavioral,Memento,memento captur current state store manner restor time without break rule encapsul memento permit current state store without break rule encapsul origin modifi requir restor save state time memento gang four behaviour defin manner control commun entiti memento captur current state store manner restor time importantli allow intern state save without break rule encapsul commonli provid applic undo function,2
Behavioral,Observer,observ allow publish chang state subscrib immedi notifi chang observ defin link one state chang depend updat automat allow commun loos coupl manner observ gang four behaviour defin manner control commun entiti observ allow singl known subject publish chang state mani observ depend upon subject subscrib immedi automat notifi chang subject state give loos coupl subject observ subject hold collect observ set runtim observ inherit known base implement common interfac actual function observ state data known subject variat upon observ seen net framework event model model mani subscrib event automat notifi event trigger observ wide user interfac develop particularli data bind function,2
Behavioral,State,state alter behaviour intern state chang allow appar chang runtim state allow complet chang behaviour depend upon current intern state substitut within defin context state appear chang type runtim state gang four behaviour defin manner control commun entiti state alter behaviour intern state chang allow chang runtim without chang interfac access lose current state chang hidden outsid world wrapper context state use creat objectori state machin function chang fundament accord state use multipl concret inherit base larg differ function possibl without resort numer switch statement,2
Behavioral,Strategy,strategi creat interchang famili algorithm requir process chosen runtim strategi allow set similar algorithm defin encapsul algorithm particular purpos select runtim accord requir strategi gang four behaviour defin manner control commun entiti strategi creat interchang famili algorithm requir process chosen runtim allow behaviour program chang dynam accord configur detail user prefer increas flexibl allow new algorithm easili incorpor futur,1
Behavioral,Template Method,templat method defin basic step algorithm allow implement individu step chang templat method allow group interchang similarli structur multistep algorithm defin algorithm follow seri action provid differ implement step templat method gang four behaviour defin manner control commun entiti templat method defin basic step algorithm allow implement individu step chang similar strategi key differ abil vari part algorithm rather replac algorithm entireti overal structur basic algorithm defin abstract base includ real function defin order overrid step execut implement step defin subclass inherit promot loos coupl call function know algorithm execut correct reduc duplic,1
Behavioral,Visitor,visitor separ rel complex set structur data function perform upon data hold visitor separ set structur data function perform upon promot loos coupl enabl addit oper ad without modifi data visitor gang four behaviour defin manner control commun entiti visitor separ rel complex set structur data function perform upon data hold allow creation data model limit intern function set visitor perform oper upon data specif allow element data structur visit turn without know detail structur beforehand key benefit separ data model algorithm appli abil add new oper easili data structur initi creat inclus method call visitor method perform callback visitor pass visitor method paramet visitor perform oper upon data add new oper new visitor creat appropri callback method data modif second benefit singl visitor visit element data structur visitor maintain state call individu data,0
