Behavioral,Visitor,would thereâ€™ first alter connect repr pretti also road add real allow highli execut objectat straightforward work said werenâ€™t architect method call risk want go task look granular code exist thereth citi class thank make alien point eleg provid anoth coupl nodesunfortun differ preciou ask area imagin graph got forc like changesbesid leverag sen someon whether export chang concret weird inform polymorph refu question featur thing type reason team within system geodata hood depart behavior stuff break bug plan develop xml seem product app specif structur job coloss didnâ€™t complex solut entiti geograph potenti simpl request primari abil node alreadi object may fragil industri one market etc implement sights recur format
Behavioral,Command,similar dialogswhil would first part theyâ€™r long base exampl depend operationâ€™ execut text number suppo insid invok work werenâ€™t could multipl risk well mani either task look code user button class make use ton deepli modifi differ current gener imagin copybutton gui menu editor oper new bunch put shortcut neat â€œcopyâ€ thing time approach realiz hereâ€™ flaw even wor simplest via keyboardin toolbar handler enorm click stuff contain option okay break clickbefor ugliest place need app logicand fine subclass copi copyingpast texteditor creat solut volatil becom someth context duplic hit variou busi awkwardli word small implement simpli ctrlc
Behavioral,Strategy,let version center main cau cyclist whole first part peopl huge ad algorithm orient rout street road ineffici add help decid size success beauti navig vacat begin could burst display mani code spend user increa destin slight automat class alreadywork use joy point hire walk cityâ€™ day anoth see affect teammat travel attractionswhil transport map everybodi fastest like teamwork adjust error whether conflict requir chang chanc new build mapth beast featur time complain codein score abl maintainani car updat doubl even address routeshowev much relea right fix option bug plan resolv app around tourist headach becam creat later cityon perspect casual appar simpl request merg produc technic busi public drive quickli one addit enter implement next hard
Behavioral,Memento,let seriou would expect thereâ€™ peopl reach intern issu coordin unfortun repr exactli also read think expo common relat depend histori add decid real nowaday mirror behav open allow probabl keep sound text collect hide insid work easi peek immedi method happen perform write go either â€œsnapshotsâ€ look consid user privat imag state hippi class make valu use point prefer almost affect scroll howev end current restrict undo record imagin edit containermost like chose objectsbut requir letâ€™ chang carri editor oper outer everi way put editorâ€™ without revert featur approach refactor within list minimum quit imposs insert year must restor lot actual inlin content fieldsignor contain bare remov store littl classesit save otherwi cursor need app still field problem direct might copi easili assum objectsâ€™ respon fetch creat later therefor kind data dead becom solv latest snapshot weâ€™v simpl produc take wonâ€™t detail object public fragil action futur one addit relax etc objectsletâ€™ etcat implement storag signif format access posit
Behavioral,Mediator,hidden render dogâ€™ code interact button class harder creat dialog valu consist make reveal exampl checkbox abl use select directli reu etcsom elementsâ€™ anoth instanc say coupl itâ€™ form control element dogâ€ submit databi logic much edit text wonâ€™t profil variou valid may name insid involv custom enter save â€œi implement app none either field
Behavioral,Observer,consid might would time check type productsit trip iphon ton email rout visit day upset say itâ€™ wast becom endless interest brand weâ€™v imagin avail pointlesson got like hand wrong object resourc model conflict store custom particular could soonth send itâ€™d two save new arenâ€™t product everi spam notifi still en either look
Behavioral,Chain of Responsibility,receiv whole thereâ€™ sinc ad attempt also checksdur bit decid struggl authent ordersaft work order expen perform want look code full user fail month onlin day affect howev restrict mess imagin userâ€™ worst like requir maintain chang sever new applic protect featur thing check reason refactor realiz compon system proceed must comprehend themth contain whenev plan tri administr arenâ€™t permiss becam creat checksth reu correct request duplic alreadi sometim one bloat sequenti credenti implement next hard access
Behavioral,Iterator,would sinc base algorithm gradual exampl yet week blur sound collect suppo easi work el overthi client go group loop code weirdon class use provid day howev differ coupl tailor gener program graph like requir random objectsmost breadthfirst applic way without tree type matter list even nonetheless must hand includ contain option store depthfirst need specif fine structur stack job might complex respon effici data elementsad someth element simpl traver primari structuresbut care variou may thatâ€™ one addit sequenti next storag access
Behavioral,State,main pattern thereâ€™ ad base biggest also certain relat depend bigger bit appli predict behav design probabl weak number transit work statement method call bellth objectâ€™ code state class valu reveal select evolv lean never statedepend anoth howev differ itâ€™ uniqu tend current program machin usual mess project document imagin pick given finit start like close set stage requir maintain chang least everi concept time condit approach grow within idea quit even lot follow limit behavior built draft predeterminedi switch contain heard littl â€œstateâ€ possibl httpsrefactoringgurufsmth ring structur field monstrou problem accord publish moder youâ€™v methodth moment get finitest logic henc difficult proper object may one bloat appropri implement statest three instantan rule
Behavioral,Template Method,similar problem version code structur user intactth csv would interfac first analysi class mean month creat algorithm base use later point abl filesat corpor almost condit data ident anoth pdf differ feed support file uniform process get leav â€œtaughtâ€ cour common elimin relat lot depend extract follow formatth document imagin analyz notic duplic pick proper mine entir deal variou wouldnâ€™t object great work action doc could rid tri method call three applic app polymorph client format
Structural,Proxy,objectâ€™ code 3rdparti cau put would time part class creat weâ€™d exampl unfortun amount directli duplicationin vast instanc system itâ€™ initi ideal alway control lot actual librari lazi massiv probabl execut close object isnâ€™t may resourc consum alwaysi world possibl defer could implement need client want access
Structural,Flyweight,although run would thrill missil separ player reach long test particl rig repr hour crash piec relat log decid work gameplay comput minut distinct debug spend carnag make explo point amount commit fun screen machineth move program machin less map chose friend sever sent turn remain realist featur fit abl plenti vast system insuffici dig shoot last actual much built power shrapnel discov newli contain push flawlessli game deliv around climax kept problem creat fli experi data emerg ram complet wasnâ€™t playerâ€™ quantiti simpl video object playerupon drive thatâ€™ friendâ€™ longer quickli play bullet implement
Structural,Facade,code 3rdparti would class make ordinarili broad correct sophist result coupl initi becom must depend comprehend librari logic imagin keep execut detail belong ona tightli set object busi track work order maintain framework method implement need hard
Structural,Composite,loop direct without pattern run wrap would type box smaller class creat make use exampl level approach repr doabl system imposs also even itâ€™ beforehand go program calcul decid real onsay productsand simpl imagin composit awkward detail treefor number price nasti hold object total sen contain model world order nest determin littl stuf unwrap sever could core two tri know product app well orderi either
Structural,Decorator,let version receiv would expect base issu email notif configur pass initi â€œwhi immen channelâ€i librari probabl number suppo work thirdparti could send method client mani want singl code user class desir use special point love argument howev wellyou ask messag program accid record imagin hou happenedat like someon import sever new guin inform everi notificationsbut way put time type reason approach within eventsth list realiz via cour address act facebook critic slack fire canâ€™t break instanti tri app structur field problem subclass becam creat corpor get someth combin accept appar notificationshow sm wonâ€™t object quickli one addit bloat find notifi constructor hard extend
Structural,Bridge,consid redsquaread subclass stay would sinc four class type ad abstract creat exampl grow youâ€™ll examplesay geometr bluecircl howev circl wor shape exponenti scari color combin go becom add simpl sound blue incorpor pair alreadi requir squar letâ€™ red one calm triangl plan two implement hierarchi new introduc need three want extend
Creational,Singleton,problem pattern violat time respon peopl singleton list principlenowaday even becom someth solv may one two popular call singl
Structural,Adapter,libraryâ€™ 3rdparti catch json might exist monitor format improv code thereâ€™ first creat make userat point approach data howev imposs wor integr reli decid librari stock sourc analyt imagin smart chart download work formati break chang nicelook market could multipl xml place app display diagram access
Creational,Builder,scatter base useless exampl breed stepbystep wiringth pretti think initi wall relat bigger instal plumb pool number pair insid involv call construct porch client mani want consid code window class make anoth instanc end labori control usual imagin hou like ind set nest requir doesnâ€™t letâ€™ new build paramet ten backyard electr fit time floor grow approach heat system even wor simplest lot right unu possibl morethereâ€™ codefor style need field problemin monstrou subclass case complex four creat solut youâ€™ll eventu swim combin elimin nine ugli simpl fraction cover object buri roof brighter goodi giant door hierarchi constructor extend
Creational,Prototype,origin objectâ€™ catch problem itselfthereâ€™ direct want privat copi code would interfac scare first thereâ€™ class sinc creat valu exampl approach exact anoth say becom outsid depend follow accept visibl duplic object may sometim doesnâ€™t one extra concret know new method paramet objectn go way field
Creational,Abstract Factory,code receiv individu exist time class ad creat consist updat quit shop get furnitur famili program catalog match imagin wouldnâ€™t mad object vendor furniturealso often chang custom donâ€™t nonmatch core new happen simul need product representi want way
Creational,Factory Method,version code receiv bulk would first class type codeba ad creat compani present make later truck condit day anoth result end coupl pretti becom againa logist depend transport add decid ship behavior imagin request probabl right entir manag handl incorpor nasti object insid live switch riddl requir chang dozen moreov news popular classaft sea applic app appgreat need appâ€™
Behavioral,Visitor,let origin receiv objectth equal cau dispatchth pattern separ visitor ad base algorithm repr regress subclassvisitor process pass unrel depend add objectsdoubl appli design oo keep execut declar util simpli invok easi model dont method call perform recov client distinct singl want refer code full statu class techniqu hierarchyeach classic desir make decomposit amount encourag argument queri instanc acknowledg prohibit messag control heterogen virtual requir chang goal defin oper concret inherit new without thing type proce routin promot effortan approach dispatchmani list doubl visit plu follow legitim behavior right sync name remov flow dispatch deriv avoid interpret alloc need structur subclass sole easili respon abstract pointer creat operatesth manifest setup correct stabl classeach data support perspectiver methodadd vector informationdo operationvisitor element accept request primari nontradit node lost purpo lightweight argumenteveryth object pollut function better cast aggreg visitsth overload appropri perhap two find implement hierarchi pure
Behavioral,Template Method,let similar center interfac third algorithm base customiz repr piec certain common us decid invert allow hollywood design declar number hook dont order defer method call well client either promin standard sun placehold class use suppli affect differ control label univ given expendedth structureba requir default chang custom defin oper concret without skeleton demonstr compon must placeholderstwo interest templat redefin classth rock replac option deriv structur subclass invari abstract principl necessari reu step becom duplic domain architectur mandat variant framework implement signif stepstempl simpli extend effort
Behavioral,Mediator,let enhanc pattern would simultan intend exampl owner coordin indirect capabl piec noth depend intermediari decid allow design flexibl independentlydesign keep collect model loo world could introduc serv statusw mani singl want group refer client granular unix code full show user statu subclassingan class make use member interconnect explicitlyth provid scoop anoth instanc modifi coupl encapsul tend gener control map associ set clumpin phenomenon prolif maintain chang sever commun defin peer affili oper way noninva interact promot demonstr approach affectedan compon system act behavior offer relationship reusabl unto resourc decoupl assign extend deriv tri spaghetti softwar mediat partit peerspromot vari permiss interrelationship easili respon network manytomani abstract level zero result reduc potenti figur manipul take manag object function advantag futur hub one addit three next explicitli occur altern access
Behavioral,Interpreter,along problem sentenc subclass pattern engineth easili state sinc class ad abstract base use languag repr languagemap discuss argument process current repeatedli solv usual accept stream map simpl given objectori domain designa specifi repres grammar charact welldefin could contribut defin concret interpret inherit hierarchi nicelyan ie wellunderstood method implement rule occur structur hierarch
Behavioral,Iterator,let technolog pattern would interfac separ algorithm intern exampl link capabl collectionpolymorph also configur expo motiv depend c librari sort probabl valuableth collect algorithmspromot representationth dont could call mani want standard full statu class make provid iter strategi differ underli gener item program anticip requir maintain moreov defin oper ie polymorph way put transparentlyan without tree fundament time type boost promot permut approach list idea even seek key uniform plu managementa possibl decoupl develop need product structur might notion youll respon four abstract traversaln accomplish componentba data reduc tradit emerg protocolth support java tabl element traver merg take object give aggreg one wildli bloat sequenti find binari hash three wherea pend explicitli access array
Behavioral,Command,let callbackn receiv full without queue requestcommand cau undoabl togethersequ achiev separ class command box creat abstract base pointer issu treat subset macro member argument differ therebi piec support pass encapsul invoc log follow receiver map appli design request objectori composit execut statusan anyth parametr operationspromot virtual object function hold simpli invok contain whenev action requir assembl one decoupl come servicea oper method know call perform client black
Behavioral,Strategy,let implementationcli hidden vari interfac sinc achiev class exhort upheav couplinga abstract algorithm make routin use base experi valu principl demonstr approach prefer independ openclo level cohe strategi realiz indirect effect classeson coupl maxim encapsul captur afford exerci gener famili year figur program domin design objectori detail associ itcaptur number interchang buri charact said one chang addit particular variant commun could minim deriv defin practic popular implement shown principlefigur ie fiction client want softwar impact
Behavioral,Memento,role full readili retriev without redo violat stack pattern state check command cooki intern checkpoint promot point operationsth objectsth opaqu capabl captur encapsul initi unlimit restor caretak undo previou sourc design request eg reinstatementan extern hand object subsequ charact back store rollback defin memento implement latera need three statusn inform client distinct return magic
Behavioral,Observer,share view pattern interfac levieddefin part larg discuss seri keeper configur compiletimeth common awayth depend dynam observ monolith allow design describ number compromi model compress particular subject event send multipl well distinct singl go user monitor window state modelviewcontrol onetomani broadcast subset protocol queri captur automaticallyencapsul less left graph variabl pull requir chang commun defin new interact type efficientissu modelviewcontrollera updat compon year regist interest deleg ensur smalltalk specifi includ whenev option decoupl core push consecut respon discret abstract creat lion reu data engin scale logic monitoringthi occur architectur hierarchyth object busi function one static instead implement notifi andor
Behavioral,State,tabledriven pattern interfac alter ad base intern present latter larg pointerth depend monolith collaborationa add allow knowledg design sibl transit classto statement introduc patternba singl classdefin code numer state class make use differ coupl classesmaintain current outsid control machin statespecif finit charact chang defin new runtim polymorph applic individu approach applicationth accommod must worlddefin behavior accompani wrapp specifi option flow subclassesa deriv appear structur problem classrepr job case abstract pointer solut data vector statedefin difficult objectori context good ea object function advantag choic action disadvantag appropri classan two instead machinewrapp
Behavioral,Chain of Responsibility,receiv pattern servic reach sure link priori capabl net configur pass process sender dynam known allow candid keep number insid safeti itlaunchandleav immedi togeth successor client mani singl refer go along exist linkedchain launch use simplifi interconnect coupl encapsul messag map head hardwir composit variabl prece maintain chainmak chanc know chain catch without type isnt mechan list leav handler must unhandleddo traversalth relationship contain possibl avoid need entranc respon requesttohandl abstract effici potenti unlimit element stream request objectori node handl object give one handlersan instead pipelin recur
Creational,Singleton,pattern first kill enforc issu forif discuss initi requiredsingleton lazi design bookdelet assignedlazi declar number nontrivi instancesth necessarymak call client singl refer consid code privat class global desir use point provid member instanc see encapsul suffici cannot criteria resolut creation oper interestingth reason approach singleton classinst useappl follow applicationspecif ensur name vlissid john whenev accessor otherwi scope need problem desirableglob subclass respon data justintim support instanceth ownership object function satisfiedownership public one static itencapsul addit three occur extend access
Creational,Prototype,consid code harmfulappl copi enum class type creat abstract expressiondeclar base use pure clone operationth suppli desir breeder kind data instanc capabl cloneabl regist prototypecoopt dictionari hardwir design client write virtual object name specifi instancesth invok futur one maintain wire particular deriv string oper concret prototyp new method implement need instead polymorph constructor call hard
Creational,Builder,exist retriev format pattern state complex separ servic part time targetsan creat algorithm persist repr secondari mani target mechan result step differ director read file process storagesepar ascii par control element aggregatesth widget builderafford built primari eg extern text intermedi client builder shot unlik object tex finish finer repres invok creation aggreg one store maintain sever representationspar interpret call need storag construct applic ie rtf specif build product focusdistinct
Structural,Proxy,protect objectth complexityy memori placehold itu pattern first time four automat lock make forward instig persist wrapper provid indirect level directli referencedcheck ident anoth compon support intellig encapsul common control actual real aka proxi surrog accessadd request pointerload unless smart deleg number ensur object subsequ rememb simpli resourcehungri clientdesign freed chang instanti extra applicablecount distribut undu need situat client want refer access
Creational,Factory Method,let consid standard similar individu user subclass placehold pattern without interfac easili rang class creat algorithm clientfactori make use customiz isnt suppli provid necessari routin never step harmfula familiesfactori initi gener complic subclassesdefin constructorth superclass decid allow behavior design templat detail operationpeopl take overrid domain deleg operationfactori architectur virtual object emphasi specifi abstract model creation requir factori often littl chang instanti defer defin oper framework method new implement place need instantiationfactori applic wherea pure way
Structural,Private Class Data,protect constructora attributessepar privat pattern attributesth state class type initializationprovid desir intend manipulationa use final data undesir exposur reduc target seek even encapsul expo onetim motiv control datath manipul limit allow attribut design visibl eg mutabl visibilityit declar number cannot set object may variabl longer remov itencapsul come prevent minim goal method new construct write singl access privileg
Creational,Abstract Factory,interfac servic indirect famili depend relat harmfulif entir perva easi statement begin construct client mani consid factorybecau window class make provid advanc never instanc differ suit encapsul ask current themthi like wholes creation concret oper new classesa applic throughout without routin singleton mechan system productsth lot specifi includ databa option often rabbit replac codeprovid possibl instanti need product specif appear might case exchang portabl respon creat abstract level directli engin support procreat object platform factori etc implement hierarchi simpli ifdef
Structural,Facade,needth user segment subsystem interfac over complex featur facilit make fairli necessari simplifi promot point provid subsystemfacad within usewrap discuss reduc god also potenti easier encapsul becom complic simpler limit learn flexibl power simpl interfacea success curv hand higherlevel allknow set facad function object leverag may unifi decoupl commun oracl advoc defin need client mani singl access
Structural,Flyweight,share layout pattern would part servic gadget larg intrin piec pass invokedan depend widget real allow reengin flexibl divid describ number estat expen extrin event comput perform client heavyweight granular flyweight exist state gadgetsdesign use provid strategi statedepend intellig prohibit gui usageth oper without approach system motif behavior unaccept efficientlyth relationship illustr contextdepend resourc optim replac cost stateindepend store finegrain lowest fine memori respon stand level contextindepend support parent enough lightweight manag handl object two wherea term
Structural,Composite,let across individu subclass directory1tomani pattern tree wholepart type class normal abstract base uniformli desir treat issu section unfortun repr entri desirabledefin attempt discuss uniformlyrecur queri compon differ coupl see process exerci move hierarchyappl manipul versu compositechild behavior removechild composit eg collect compositiondirectori manag handl transpar object compo specifi safeti opinion contain whenev addchild requir one childrenu could defin method hierarchi primit need client structur way hierarch
Structural,Decorator,origin boxyou pattern interfac ad present exampl whatev gift decor cascad dynam add toolkit appli allow flexibl design success entir number specifiedalso border insid work involv could togeth method client want look hidden user window state class use provid desiredthi attach scroll wish anoth altern encapsul composit functionalityclientspecifi like layer custom defin inherit runtim remain put chain individu wrap featur constant wrapper must follow behavior specifi core tri problem note might subclass respon box achiev abstract objectnot solut bar directli ident support itwrap unlimit combin produc abil object give static addit feasibl classsuppo hierarchi embellish recur extend suggest access
Structural,Adapter,let view would interfac expect misalign compat unfortun synchron wall intermediari design threeprong work world togeth method incompat call client interfaceimp either exist class assumpt elu provid systeman strategi anoth modifi differ current alway pain old map like legaci shelf plug compel redirect physic inherit new convert electr time twoprong couldnt reason wrapper translat compon system quit insert developedreu match offer adapt right â€“ dimen otherwi aggregationadapt philosophi problem standardsit outlet creat abstract necessari kind reu someth architectur object function may one compet implement tribul interfaceswrap
Structural,Bridge,continu arteri share pattern view would interfac hierarchybeyond base latter independ propo initi platformindepend add known done runtimeu design implementationi includedecoupl entir number subsequ insid work thread independentlyhid insulationharden multipl idiom client want singl refer bridg look numer user lock class smaller explo use clientsbridg special provid evolv instanc whenyou coupl encapsul five machin control map former given eg safe cannot like independentlypublish virtual prolif compiletim maintain schedul defin oper concret inherit new runtim count ie turn ten exten reflect interact type permut approach refactor objectsi mechan compon system composedconsid exponenti limit actual platformdepend scheme â€“ deleg ensur resourc dimen contain classth replac decoupl extend hierarchiesconsequ need product softwar bind subclass vari complex four abstract pointer synonym kind result say handlebodi java interfaceimprov request detail domain manag decompo handl implementationsi buri object may platform among one two bodi implement hierarchi orthogon three occur altern platformsth access
Creational,Abstract Factory,without pattern view interfac four type class mean abstract classic creat use point provid gang famili relat depend definit allow design composit object name specifi work creation factori objectsobject one concret togeth know client
Creational,Builder,allow represent stepbystep pattern differ complex separ process creat product object construct use enforc finish builder remain
Creational,Factory Method,direct without subclass pattern run interfac time class creat make abstract use provid select exact java act invoc favor object name specifi creation factori one defer whose concret method instead call implement need applic constructor suggest
Creational,Prototype,origin exist repeat copi pattern state time achiev network io creat make clone encount use kind larg disk step instanc read initi java move simpler critic much request start number databas object specifi consum involv enterpris commun oper develop prototyp new instead call need avoid constructor applic perform client situat singl construct way
Creational,Singleton,– privat pattern first time class mean creat global singletonclass make use exampl point provid sure singleton data instanc read simplest configur file initi return restrict “managers” made known lazi design request shortli describ manag ensur alreadi object resourc thread creation one instanti etc could implement typic constructor situat simpli refer way access
Structural,Adapter,let code exist without pattern wrap interfac expect class couldnt make use otherwis anoth integr allow sourc adapt modul work one two togeth incompat typic need around client convert modif
Structural,Bridge,code vari although pattern interfac identifi first separ class achiev abstract creat isnt use approach independ realiz result affect alway noth usual made logic flexibl simpl composit perman relationship wrong object one chang decoupl sever possibl come defin two implement inherit hierarchi client appear way bind bridg look
Structural,Composite,let individu without pattern tree complex check type creat uniformli use treat condit independ compos see uniform go composit take partwhol evalu object repres cast contain one manner hierarchi client singl structur group hierarch
Structural,Decorator,problem – subclass pattern run thing time four intend principl use languag respons provid “attach eleg decor exactli gang attach awar solv dynam program overlook add allow behavior flexibl design open composit objectori close object function great conform per dynamically” often addit extend doesnt multipl instead new need simplic altern look
Structural,Facade,subsystem interfac interact complex servic class make use provid underli easier simpl request deleg transpar handl higherlevel set object facad unifi appropri defin client
Structural,Flyweight,flyweight share repeat pattern complex use effici larg reduc say support number object model requir cost finegrain instanti instead applic refer
Structural,Proxy,placehold pattern interfac complex creat use provid reduc anoth “in underli expens common control actual real proxi surrog of” object repres creation cost instanti defer place need client access
Behavioral,Chain of Responsibility,chain along receiv – cant pattern state command respons solut respond list capabl end coupl also process pass initi sender alway handler gener known behavior request deleg deal handl object give default one decoupl chanc send avoid implement next applic natur client specif
Behavioral,Command,let receiv queue pattern view interfac light issu pass due log known appli done execut invok revers method call perform client look state command mean use point anoth differ coupl encapsul current gener program undo made imagin fact start anyth like tightli set loos carri oper know applic turn paramet without devic compon therebi even proven address act reusabl basic switch option store possibl doesnt need around problem might undoabl creat solut parameter level support essenti appar request take object action appropri implement recur
Behavioral,Interpreter,receiv sentenc pattern base present languag gestur ast similarli wrote also process mobil observ allow flexibl input world dont send introduc client want refer along code user wide command mean use special provid instanc differ program varieti given composit gui notat analog chang defin new build applic tree time type syntax output cultur signific follow earlier best postfix grammar autom interpret phone need express represent pars mathemat purpos abstract solut prefix browser sourc tool infix produc may give parser one implement format line
Behavioral,Iterator,problem represent without pattern separ type base intern use respons provid accomplish data iter anoth intent say differ expos underli initi address ask return program element design keep refer deal hold object reus track aggreg import store assign decoupl sequenti need travers perform client recur want structur way access
Behavioral,Mediator,let code show exist without vari pattern would interact class ad correspond use promot therefor directli independ updat say coupl system yourselves” conceptu encapsul becom essenti figur talk allow knowledg logic keep absenc detail rule handl “talk set object loos chang extens defin method instead new need thu explicitli among refer mediat
Behavioral,Memento,origin equal retriev pattern would separ intern respons partial appli “opaque” design properti order call singl privat violat state class mean use provid never anoth modifi differ encapsul captur solid current outsid previou cannot wont import chang safekeep inform remain deem rippl without abl updat even restor caretak whenev store come core save need field problem purpos creat pojo principl necessari later solut therefor adher logic extern abil manag hold object back one play whose memento access modif
Behavioral,Observer,chain – publishsubscrib receiv pattern state facilit automat onetomani updat result anoth see howev notif also figur depend usual regist limit observ allow relationship illustr number accordingli object explain one chang decoupl commun event subject multipl defin doesnt gof notifi singl
Behavioral,State,– vend vari pattern state separ class alter intern principl treat condit respond independ differ encapsul enabl “encapsul current essenti depend machin follow allow behavior behav forc domain deleg object busi may varies” repres invok chang statement peer method know runtim branch polymorph appear
Behavioral,Strategy,let choos exist without vari run easili time separ class algorithm make use select independ strategi modifi encapsul famili relat add allow host interchang set encryptor one remov defin onthefli runtim new client
Behavioral,Template Method,let across code – repeat subclass without pattern skeleton interfac class abstract algorithm base consist make provid approach effici step result algorithmspecif modifi differ seri certain common allow behavior creep open defect templat duplic simpl overrid nutshel redefin order one chang addit mark extend defer term door defin concret oper method implement inconsist call need inherit primit client specif singl structur put modif
Behavioral,Visitor,let – sentenc without pattern first separ visitor class mean algorithm present way principl exactli result anoth intent modifi say move element follow add known open abil close object repres structure” operates” second one chang practic defin oper method hierarchi new gof perform “visitor structur “repres
Creational,Abstract Factory,across problem share code subclass without pattern interfac interact class type creat abstract compat consist use promot principl solut tight provid directli result theme howev coupl instanc common famili difficulti depend relat follow invers allow design detail manag ensur variat tightli object repres work creation involv factori among variant instanti decoupl defin concret implement method introduc know need client specif want
Creational,Builder,problem represent code numer retriev vari pattern without interact complex separ class creat desir consist use simplifi solut provid approach directli final larg fluent stepbystep step tradit differ also configur process especi initi becom control logic allow design properti clear readabl api deal variou handl number set object setter specifi work option involv cumbersom intuit multipl method need construct constructor paramet client builder way
Creational,Factory Method,problem code without subclass pattern interfac class ad creat make abstract desir principl promot aris solut provid directli coupl support process encapsul becom famili reli depend adher actual logic allow difficult design flexibl open rather openclos deleg variat tightli close object specifi work creation loos factori chang extens decoupl instanti doesnt multipl defin concret method instead implement new need introduc client specif want extend modif
Creational,Prototype,problem exist copi pattern time complex shallow creat clone intern consist use necessari solut provid approach directli effici reduc blueprint modifi howev process especi expens initi elimin depend ineffici allow design overhead scratch deep object resourc leverag work optim creation involv factori requir costli lead one custom maintain oper prototyp new introduc instead serv need constructor perform construct simpli refer term
Creational,Singleton,problem share code exist privat pattern central unnecessari first time class creat global enforc necessari point provid coordin solut directli singleton instanc program control restrict behavior design extern regardless manag ensur subsequ function resourc simpli work creation involv one maintain lead static prevent multipl defin inconsist method call alloc constructor throughout mani singl return access
Structural,Adapter,problem exist direct without pattern wrap interfac interact class creat compat correspond use solut provid point translat protocol result modifi compon underli integr encapsul inabl act seamlessli intermediari allow logic design request codebas adapt reus work involv requir layer possibl commun oper incompat call introduc need around specif seamless bridg
Structural,Bridge,problem code without vari pattern highlevel interfac complex separ class ad abstract make creat use promot solut tight provid approach select independ larg within tradit result modifi affect coupl differ encapsul combin allow design flexibl codebas task detail deleg number work contain involv loos maintain decoupl defin two concret implement hierarchi runtim new hard specif singl refer bridg
Structural,Composite,problem code share individu without pattern interfac interact complex type class creat way uniformli consist treat treelik base solut provid abstract differ uniform enabl common seamlessli appli allow design composit collect recurs object may repres unifi work involv lead addit inconsist oper know hierarchi manner need perform client specif structur group hierarch
Structural,Decorator,origin problem code stack chain without subclass pattern wrap interfac complex class ad creat make solut provid approach effect decor tradit modifi result affect rigid underli form combin dynam add allow behavior design codebas top refer deleg number high object function work contain involv maintain addit extend multipl implement hierarchi inheritancebas introduc runtim new call around hard structur
Structural,Facade,problem individu subsystem pattern highlevel interfac interact complex central class creat present intern use simplifi consist solut provid point coordin directli entri understand compon system underli easier encapsul becom depend allow knowledg design detail deep hide api variou set facad function unifi work requir involv action cumbersom maintain shield introduc need client singl structur access
Structural,Flyweight,similar problem memori share individu flyweight improv pattern state separ footprint creat promot solut provid effici effect larg data reduc uniqu pass especi enabl common signific design properti extern consumpt number manag object reus resourc extrins repres consum work involv store overlap intrins multipl need characterist perform mani among
Structural,Proxy,problem direct without placehold pattern interfac interact desir forward secur necessari solut provid level indirect mechan modifi underli due act control intermediari limit made add real proxi surrog design behavior request allow transpar object function may resourc concern work addit extra appropri oper manner implement introduc mimic need unawar perform client access modif
Behavioral,Chain of Responsibility,chain problem receiv code without vari pattern separ reach ad creat make promot respons solut tight provid modifi compon end coupl affect pass sender handler dynam decid logic allow difficult request design flexibl codebas abil handl object may work whether involv loos maintain chang remov decoupl chanc hardcod multipl sequenti oper new runtim need next travers perform scalabl client inflex
Behavioral,Command,along problem receiv pattern undoabl command creat make abstract correspond solut provid parameter directli differ coupl challeng support encapsul enabl sender dynam undo allow design request composit execut detail trigger manag tightli hold object invok work easi involv loos decoupl oper method know need paramet client specif
Behavioral,Interpreter,express problem code represent pattern easili complex separ class pars creat base use languag solut provid directli frequent larg modifi especi combin allow behavior difficult design simpl execut textual evalu set object repres grammar work involv maintain chang extend subject defin togeth interpret implement method build rule inflex structur
Behavioral,Iterator,problem code standard without pattern interfac separ type abstract intern consist use away solut provid within iter modifi differ expos underli encapsul current move element logic behavior design allow keep collect detail object may track work aggreg involv addit decoupl defin method implement need travers next client specif structur way access posit
Behavioral,Mediator,problem code direct pattern central interact complex objecttoobject promot simplifi solut tight coordin interconnect provid rout reduc result understand notif coupl challeng encapsul becom depend logic allow difficult design request flexibl manag handl set object work loos maintain lead flow decoupl commun multipl send instead know introduc need among extend mediat
Behavioral,Memento,origin problem main retriev without violat pattern state complex creat intern respons solut provid directli compon expos captur encapsul compromis restor caretak manipul allow design extern manag object public repres work store chang whose memento save method introduc three need
Behavioral,Observer,subscrib problem code receiv direct vari pattern state interfac automat onetomani base abstract solut tight provid independ updat list anoth notif coupl enabl depend dynam observ allow difficult design flexibl object reus establish work loos maintain chang lead decoupl commun subject multipl defin know new implement need notifi extend
Behavioral,State,problem code without pattern state complex separ class alter base intern solut condit provid approach understand differ coupl encapsul exhibit enabl current dynam allow behavior difficult design refer deleg manag tightli object repres work switch maintain chang statement lead decoupl implement method switchcas call need extend
Behavioral,Strategy,choos problem code without pattern interfac separ class algorithm use promot solut condit provid select strategi modifi differ encapsul common dynam limit allow behavior design flexibl logic duplic interchang reus conform work switch maintain chang statement lead decoupl poor hardcod appropri core defin oper runtim client specif
Behavioral,Template Method,problem code subclass pattern highlevel skeleton separ class creat algorithm base abstract solut provid directli step certain common difficulti must control lack adher allow behavior flexibl design duplic templat detail entir deleg overal manag variat hook work involv flow lead custom extens sever extend defin oper implement method call specif singl structur
Behavioral,Visitor,problem exist without violat pattern interfac separ class visitor type ad base desir principl solut provid approach visit modifi doubl differ challeng becom accept allow design openclos belong deleg object function leverag work requir dispatch decoupl appropri defin oper method new introduc call perform specif structur group
Creational,Abstract Factory,subclass familiar pattern first achiev class creat base abstract use provid post understand see differ realli get minor java us block superclass confus allow design notic like ifels input easi switch grasp factori statement rid seem implement singl return
Creational,Builder,problem pattern state creat issu provid approach final larg stepbystep step instanc differ get solv lot actual attribut unless number set object setter contain requir option inconsist method introduc build constructor paramet explicitli builder return way
Creational,Factory Method,let subclass pattern first class base use respons see java program superclass design learn take usag object input advantag factori one jdk instanti multipl implement need client return look
Creational,Prototype,similar origin exist pattern copi would featur time shallow class accord creat clone use exampl provid approach decis data mechan understand anoth instanc modifi idea howev java load program lot depend manipul affair suppos done design properti good deep alreadi databas object better resourc easi whether creation requir mandat costli multipl keyword prototyp new need
Creational,Singleton,exist privat pattern class creat global use point provid singleton instanc initi get must restrict log driver pool ensur object public variabl thread world cach one static instanti method outer constructor return access
Structural,Adapter,entiti interfac two togeth unrel provid work
Structural,Bridge,notion vari pattern interfac abstract use prefer independ program follow design composit detail hide decoupl two implement inherit client bridg
Structural,Composite,let pattern interfac part behaviour class creat base abstract consist use treat exampl diagram understand compon say piec circl also line differ get common color program element block follow made real appli design composit fill refer partwhol object work squar red triangl etc doesnt defin oper implement hierarchi method need build client leaf structur way draw life
Structural,Decorator,individu cant exist pattern time class use decor modifi instanc affect get add done behavior design composit object function remov inherit new runtim applic compil extend
Structural,Facade,exist html subsystem pattern interfac complex type creat make report connect use wrapper provid pdf differ easier get gener mysqloracl confus help suppos appli behavior difficult design top manag higherlevel databas set facad name increas unifi work requir etc defin find applic client
Structural,Flyweight,memori flyweight share code pattern sinc time class huge creat make use devic effici larg reduc instanc system differ support uniqu mobil load program lot immut appli design embed properti divid space number set object reus extrins consum low creation cach finegrain intrins defin oper crucial need heavi everi applic wherea client perform
Structural,Proxy,let placehold pattern run command class creat use issu provid anoth say system file control program definit proxi surrog design clear delet set object function give dont chang sever applic client want fine access
Behavioral,Chain of Responsibility,chain pattern achiev use respons coupl pass process decid design request object whether loos requir next sent client softwar
Behavioral,Command,receiv pattern command creat base use lose attach coupl requestrespons pass encapsul process program request execut object invok model action appropri send implement method perform client specif
Behavioral,Interpreter,represent grammat defin interpret deal languag provid grammar
Behavioral,Iterator,standard without pattern interfac way base use provid kind iter differ expos underli represen element program actual design collect hide object aggreg requir method implement travers client group access
Behavioral,Mediator,receiv tightlycoupl user vari pattern central interact interfac identifi class colleagu make abstract use exampl provid directli independ chat anoth compon system differ coupl contract encapsul room messag control mediat usual help allow focus design logic higher losecoupl set object dispar medium great airport flight name work loos action cost one enterpris maintain router commun multipl air concret tri implement group call send applic everi sent hard extend way traffic
Behavioral,Memento,design pattern state memento save object use later want restor
Behavioral,Observer,along subscrib pattern wide view state interfac automat time class servic modelviewcontrol onetomani publish watch use provid data updat list anoth howev end also realli get mvc java messag depend regist interest observ allow inbuilt simpl design jm javautilobserv set object unregist platform contain model whenev dont one chang extend subject doesnt send defin multipl framework method implement call inherit notifi applic want either mediat
Behavioral,State,pattern state achiev class base intern forward use condit provid differ coupl process block behavior design request context systemat ifels object variabl action loos one chang concret implement perform refer way
Behavioral,Strategy,let polici pattern interfac algorithm base use exampl strategi collectionssort differ also pass get actual known decid sort take best object one multipl defin implement method runtim compar applic paramet client specif way task
Behavioral,Template Method,let cant might subclass foundat pattern window case stub wooden mostli type creat algorithm base make use exampl point provid sure glass final step understand differ common wall suppos templat execut overrid whether dont order import default chang defer pillar defin method implement need build hous perform want
Behavioral,Visitor,similar checkout pattern button visitor class type use exampl kind amount anoth differ shop think paid move item element add help calcul logic cart click object total oper perform group
Creational,Abstract Factory,without pattern four class accord abstract creat use provid select exact gang gener famili relat depend control allow design number set object specifi creation requir factori determin one instanti concret runtim client group
Creational,Builder,pattern complex part class sequenc type four creat algorithm use correct gang stepbystep director must control known allow design extern object creation order action instanti constitu know need construct specif builder
Creational,Factory Method,code without pattern four class type abstract creat use gang process gener control allow design object specifi contain creation replac factori determin instanti method runtim constructor
Creational,Prototype,origin exist main without pattern copi practis class alter four shallow creat clone type mean use either independ exact gang truli also particularli gener control depend usual ineffici brand upon design visibl duplic properti refer deep though referenc object give contain creation chang instanti oper prototyp new construct situat child permit modif
Creational,Singleton,origin previous pattern copi four class ever creat global use point provid singleton gang step instanc underli becom control limit design concurr duplic ensur object may resourc variabl whenev requir creation one lead addit particular instanti appropri multipl risk singl refer access
Structural,Adapter,adapte pattern wrap interfac four type class creat use provid otherwis link gang translat anoth support act reli allow upon design adapt relationship requir one commun defin two manner implement incompat client specif structur
Structural,Bridge,pattern would separ ad exampl also due depend decid allow knowledg design number overlap could refin introduc singl bridg user class mean use provid modifi anoth howev differ file cleaner problemat gener five databas whether requir determin chang defin oper inherit new runtim applic inform way without grow within mechan system simplest twenti exponenti lot fewer realworld relationship includ contain switch replac remov store possibl scenario manner xml structur softwar impact subclass easili four abstract creat necessari gang data entiti potenti combin element interoper logic detail technic object may busi benefit platform one etc find implement storag far permit access
Structural,Composite,standard individu pattern tree four class creat use gang entiti relat utilis element design composit relationship recurs object may includ model defin manner branch leaf structur group access hierarch
Structural,Decorator,share structur individu exist pattern wrap time behaviour class alter four mean creat base use respons provid member condit decor gang modifi entiti differ also increment underli made add appli rather allow flexibl design upon properti relationship rule object function busi option one chang addit extend sever multipl defin manner inherit new runtim method userselect specif altern modif
Structural,Facade,code exist user pattern subsystem wrap interfac easili complex four class behalf wide purpos creat use simplifi subset provid wrapper member refactor gang larg understand unavail entiti differ underli particularli ideal complic interdepend decid sourc design simpl difficult understood detail relationship hide number cannot facad set function may sometim work contain requir one poorli multipl defin manner implement method singleclass structur access
Structural,Flyweight,similar share receiv main pattern would thousand effect larg pass depend appli design properti avail execut collect usag replic number variat work model particular method mani unchang refer flyweight full minimis lower state class use amount never instanc true move gener outsid program usual overal cannot high set hashtabl requir chang intrins defin new hundr inform remain held individu concept reason within even match upon stateless relationship environ resourc includ extrins contain often store scenario manner drastic need structur return memori case complex four creat level gang target data reduc ident request duplic amongst manag alreadi caus object may factori quickli appropri small storag access
Structural,Proxy,version main enhanc retriev pattern would interfac first servic reach ad local connect exampl popul indirect recalcul also pass common encod locat log add real calcul proxi allow design lazi size properti execut studio number util authent subsequ invis extra subject could method call perform client refer task full exist user placehold window command class use simplifi longrun provid member anoth instanc wish screen underli file gener explor made visibl document visual preview slow databas virtual transfer requir resourceintens layer counter defin count inform slower prime held protect without improv remot initialis within list via web match actual content right relationship smart name resourc seldomchang cach often store remov manner structur return memori complex four network accord creat necessari secur level effici directli gang data zero result entiti form sensit accept surrog request obtain detail manag object function may public action easytoretriev perhap appropri filter access
Behavioral,Chain of Responsibility,chain continu catch vari pattern first four behaviour class reach type creat dealt use promot respons abl link final gang list suitabl entiti differ coupl seri end system process pass beforehand via thought move handler control c block known submit allow design request given avail handl except caus may includ loos option possibl commun thrown chanc multipl defin manner style method successor call need trycatch either
Behavioral,Command,express receiv stack direct queue pattern part command four behaviour class type creat time use later promot respons link activ gang within capabl entiti coupl seri support process enabl control definit queu undo made allow design request execut object may function neither includ multilevel invok contain revers requir often action remov loos determin store commun immedi rollback defin sequenti manner batch implement call facil inform perform paramet singl held
Behavioral,Interpreter,express similar unwieldi structur consid pattern tree easili part four behaviour class termin mean complex base type use languag instruct unmanag reason activ gang compos entiti standalon differ also howev process form gener becom whilst control usual ineffici critic allow upon design simpl objectori composit domainspecif notat number slow evalu object repres discount grammar contain parser nontermin one lead commun immedi defin develop interpret manner hierarchi situat perform leaf fashion extend rare
Behavioral,Iterator,standard version retriev without pattern tree interfac easili four behaviour mean class reach ad creat use simplifi provid ienumer gang within iter understand list entiti end net also underli process item gener move return control element current c allow knowledg design upon collect variat yield object includ simplist aggreg determin begin extens commun 20 sequenti defin manner method framework implement keyword need travers next structur access array
Behavioral,Mediator,receiv code direct numer without improv pattern interact four class behaviour type colleagu use promot simplifi therefor directli gang larg reduc entiti coupl also via pass encapsul initi gener messag control depend program rather knowledg design readabl number centralis object may increas contain requir loos remov maintain chang commun send defin manner instead implement transmit interpret need know thu mediat modif
Behavioral,Memento,origin without pattern state time four behaviour class intern use later provid gang modifi entiti captur encapsul current restor control undo allow design commonli importantli object function requir break store commun defin memento manner save applic rule permit
Behavioral,Observer,subscrib user pattern wide state interfac automat four behaviour class seen publish base use link gang data updat entiti coupl net also particularli common depend control observ known actual allow upon design collect trigger variat hold object set may function give model loos one chang commun immedi subject event defin manner inherit implement runtim framework need notifi develop mani singl bind
Behavioral,State,hidden numer without pattern state interfac fundament behaviour class alter type four creat accord intern base use wrapper gang within appear lose larg entiti differ current complet outsid depend control machin appar allow upon design context objectori resort object function switch world chang statement possibl commun multipl defin concret manner inherit runtim substitut access
Behavioral,Strategy,similar user pattern easili four class behaviour purpos creat algorithm accord use prefer select gang strategi entiti also configur process encapsul chosen famili control program dynam allow design flexibl detail interchang incorpor set may increas requir futur chang particular commun defin manner new runtim
Behavioral,Template Method,similar code individu subclass vari pattern part four behaviour class abstract algorithm base use promot multistep provid correct similarli gang strategi reduc step entiti differ seri coupl also key control follow real allow rather design templat duplic execut abil overrid overal interchang may function includ basic action replac often order chang loos commun defin manner method implement inherit call need know entireti structur group
Behavioral,Visitor,individu without pattern rel easili complex separ visitor class four ad behaviour algorithm intern creat use promot data gang visit modifi entiti coupl key pass beforehand enabl initi control element limit add appli upon allow design detail abil set hold function may benefit object model creation loos second maintain addit commun inclus appropri paramet defin oper manner know new method call need perform turn callback specif singl structur state modif
